,tenure,tenure_group
0,1,0-20
1,34,21-40
2,2,0-20
3,45,41-60
4,2,0-20
5,8,0-20
6,22,21-40
7,10,0-20
8,28,21-40
9,62,61-80
10,13,0-20
11,16,0-20
12,58,41-60
13,49,41-60
14,25,21-40
15,69,61-80
16,52,41-60
17,71,61-80
18,10,0-20
19,21,21-40
20,1,0-20
21,12,0-20
22,1,0-20
23,58,41-60
24,49,41-60
25,30,21-40
26,47,41-60
27,1,0-20
28,72,61-80
29,17,0-20
30,71,61-80
31,2,0-20
32,27,21-40
33,1,0-20
34,1,0-20
35,72,61-80
36,5,0-20
37,46,41-60
38,34,21-40
39,11,0-20
40,10,0-20
41,70,61-80
42,17,0-20
43,63,61-80
44,13,0-20
45,49,41-60
46,2,0-20
47,2,0-20
48,52,41-60
49,69,61-80
50,43,41-60
51,15,0-20
52,25,21-40
53,8,0-20
54,60,41-60
55,18,0-20
56,63,61-80
57,66,61-80
58,34,21-40
59,72,61-80
60,47,41-60
61,60,41-60
62,72,61-80
63,18,0-20
64,9,0-20
65,3,0-20
66,47,41-60
67,31,21-40
68,50,41-60
69,10,0-20
70,1,0-20
71,52,41-60
72,64,61-80
73,62,61-80
74,3,0-20
75,56,41-60
76,46,41-60
77,8,0-20
78,30,21-40
79,45,41-60
80,1,0-20
81,11,0-20
82,7,0-20
83,42,41-60
84,49,41-60
85,9,0-20
86,35,21-40
87,48,41-60
88,46,41-60
89,29,21-40
90,30,21-40
91,1,0-20
92,66,61-80
93,65,61-80
94,72,61-80
95,12,0-20
96,71,61-80
97,5,0-20
98,52,41-60
99,25,21-40
100,1,0-20
101,1,0-20
102,38,21-40
103,66,61-80
104,68,61-80
105,5,0-20
106,72,61-80
107,32,21-40
108,43,41-60
109,72,61-80
110,55,41-60
111,52,41-60
112,43,41-60
113,37,21-40
114,64,61-80
115,3,0-20
116,36,21-40
117,10,0-20
118,41,41-60
119,27,21-40
120,56,41-60
121,6,0-20
122,3,0-20
123,7,0-20
124,4,0-20
125,33,21-40
126,27,21-40
127,72,61-80
128,1,0-20
129,71,61-80
130,13,0-20
131,25,21-40
132,67,61-80
133,1,0-20
134,2,0-20
135,43,41-60
136,23,21-40
137,64,61-80
138,57,41-60
139,1,0-20
140,72,61-80
141,8,0-20
142,61,61-80
143,64,61-80
144,71,61-80
145,65,61-80
146,3,0-20
147,1,0-20
148,30,21-40
149,15,0-20
150,8,0-20
151,7,0-20
152,70,61-80
153,62,61-80
154,6,0-20
155,14,0-20
156,22,21-40
157,22,21-40
158,16,0-20
159,10,0-20
160,13,0-20
161,20,0-20
162,2,0-20
163,53,41-60
164,11,0-20
165,69,61-80
166,4,0-20
167,72,61-80
168,58,41-60
169,16,0-20
170,43,41-60
171,2,0-20
172,14,0-20
173,53,41-60
174,32,21-40
175,34,21-40
176,15,0-20
177,7,0-20
178,15,0-20
179,61,61-80
180,1,0-20
181,1,0-20
182,8,0-20
183,33,21-40
184,13,0-20
185,1,0-20
186,20,0-20
187,3,0-20
188,13,0-20
189,40,21-40
190,43,41-60
191,6,0-20
192,69,61-80
193,72,61-80
194,59,41-60
195,20,0-20
196,24,21-40
197,59,41-60
198,72,61-80
199,1,0-20
200,27,21-40
201,14,0-20
202,71,61-80
203,13,0-20
204,44,41-60
205,33,21-40
206,72,61-80
207,1,0-20
208,19,0-20
209,64,61-80
210,2,0-20
211,1,0-20
212,61,61-80
213,29,21-40
214,23,21-40
215,57,41-60
216,72,61-80
217,66,61-80
218,65,61-80
219,8,0-20
220,4,0-20
221,71,61-80
222,1,0-20
223,4,0-20
224,12,0-20
225,24,21-40
226,31,21-40
227,1,0-20
228,30,21-40
229,47,41-60
230,54,41-60
231,50,41-60
232,1,0-20
233,72,61-80
234,29,21-40
235,2,0-20
236,10,0-20
237,18,0-20
238,11,0-20
239,16,0-20
240,72,61-80
241,72,61-80
242,41,41-60
243,65,61-80
244,13,0-20
245,4,0-20
246,41,41-60
247,15,0-20
248,1,0-20
249,42,41-60
250,51,41-60
251,2,0-20
252,1,0-20
253,32,21-40
254,10,0-20
255,67,61-80
256,61,61-80
257,50,41-60
258,2,0-20
259,29,21-40
260,3,0-20
261,13,0-20
262,57,41-60
263,31,21-40
264,45,41-60
265,61,61-80
266,50,41-60
267,19,0-20
268,59,41-60
269,71,61-80
270,16,0-20
271,57,41-60
272,1,0-20
273,20,0-20
274,1,0-20
275,5,0-20
276,52,41-60
277,21,21-40
278,14,0-20
279,5,0-20
280,6,0-20
281,10,0-20
282,1,0-20
283,68,61-80
284,18,0-20
285,22,21-40
286,20,0-20
287,1,0-20
288,8,0-20
289,10,0-20
290,24,21-40
291,35,21-40
292,23,21-40
293,6,0-20
294,12,0-20
295,1,0-20
296,71,61-80
297,35,21-40
298,40,21-40
299,1,0-20
300,23,21-40
301,4,0-20
302,4,0-20
303,68,61-80
304,38,21-40
305,52,41-60
306,32,21-40
307,29,21-40
308,38,21-40
309,48,41-60
310,1,0-20
311,22,21-40
312,43,41-60
313,5,0-20
314,5,0-20
315,51,41-60
316,71,61-80
317,38,21-40
318,24,21-40
319,35,21-40
320,54,41-60
321,72,61-80
322,1,0-20
323,9,0-20
324,69,61-80
325,52,41-60
326,11,0-20
327,2,0-20
328,28,21-40
329,17,0-20
330,35,21-40
331,8,0-20
332,46,41-60
333,7,0-20
334,2,0-20
335,68,61-80
336,43,41-60
337,68,61-80
338,36,21-40
339,63,61-80
340,32,21-40
341,71,61-80
342,66,61-80
343,63,61-80
344,41,41-60
345,1,0-20
346,2,0-20
347,70,61-80
348,23,21-40
349,64,61-80
350,37,21-40
351,17,0-20
352,7,0-20
353,4,0-20
354,21,21-40
355,10,0-20
356,16,0-20
357,64,61-80
358,27,21-40
359,42,41-60
360,5,0-20
361,41,41-60
362,58,41-60
363,47,41-60
364,18,0-20
365,5,0-20
366,23,21-40
367,1,0-20
368,71,61-80
369,72,61-80
370,33,21-40
371,2,0-20
372,24,21-40
373,56,41-60
374,37,21-40
375,43,41-60
376,1,0-20
377,25,21-40
378,61,61-80
379,17,0-20
380,41,41-60
381,1,0-20
382,72,61-80
383,1,0-20
384,48,41-60
385,11,0-20
386,55,41-60
387,42,41-60
388,44,41-60
389,1,0-20
390,27,21-40
391,27,21-40
392,2,0-20
393,19,0-20
394,42,41-60
395,66,61-80
396,33,21-40
397,34,21-40
398,33,21-40
399,23,21-40
400,32,21-40
401,11,0-20
402,69,61-80
403,68,61-80
404,20,0-20
405,72,61-80
406,60,41-60
407,32,21-40
408,1,0-20
409,1,0-20
410,3,0-20
411,46,41-60
412,29,21-40
413,51,41-60
414,48,41-60
415,16,0-20
416,70,61-80
417,40,21-40
418,22,21-40
419,1,0-20
420,5,0-20
421,7,0-20
422,29,21-40
423,44,41-60
424,10,0-20
425,55,41-60
426,52,41-60
427,10,0-20
428,18,0-20
429,68,61-80
430,61,61-80
431,72,61-80
432,2,0-20
433,12,0-20
434,41,41-60
435,26,21-40
436,36,21-40
437,72,61-80
438,35,21-40
439,1,0-20
440,16,0-20
441,49,41-60
442,54,41-60
443,18,0-20
444,36,21-40
445,60,41-60
446,1,0-20
447,52,41-60
448,8,0-20
449,72,61-80
450,64,61-80
451,22,21-40
452,60,41-60
453,28,21-40
454,61,61-80
455,24,21-40
456,28,21-40
457,30,21-40
458,2,0-20
459,1,0-20
460,6,0-20
461,24,21-40
462,4,0-20
463,7,0-20
464,72,61-80
465,70,61-80
466,64,61-80
467,72,61-80
468,44,41-60
469,13,0-20
470,17,0-20
471,1,0-20
472,9,0-20
473,24,21-40
474,1,0-20
475,24,21-40
476,35,21-40
477,7,0-20
478,5,0-20
479,15,0-20
480,11,0-20
481,48,41-60
482,20,0-20
483,72,61-80
484,8,0-20
485,72,61-80
486,15,0-20
487,72,61-80
488,0,0-20
489,1,0-20
490,63,61-80
491,2,0-20
492,2,0-20
493,61,61-80
494,1,0-20
495,22,21-40
496,28,21-40
497,70,61-80
498,5,0-20
499,12,0-20
500,34,21-40
501,71,61-80
502,70,61-80
503,52,41-60
504,69,61-80
505,20,0-20
506,11,0-20
507,2,0-20
508,6,0-20
509,1,0-20
510,20,0-20
511,61,61-80
512,5,0-20
513,56,41-60
514,30,21-40
515,40,21-40
516,28,21-40
517,5,0-20
518,27,21-40
519,12,0-20
520,67,61-80
521,29,21-40
522,55,41-60
523,23,21-40
524,34,21-40
525,52,41-60
526,72,61-80
527,58,41-60
528,35,21-40
529,56,41-60
530,24,21-40
531,70,61-80
532,2,0-20
533,68,61-80
534,1,0-20
535,12,0-20
536,63,61-80
537,33,21-40
538,69,61-80
539,60,41-60
540,72,61-80
541,11,0-20
542,1,0-20
543,10,0-20
544,13,0-20
545,34,21-40
546,39,21-40
547,65,61-80
548,50,41-60
549,15,0-20
550,72,61-80
551,72,61-80
552,55,41-60
553,23,21-40
554,32,21-40
555,56,41-60
556,1,0-20
557,38,21-40
558,11,0-20
559,1,0-20
560,56,41-60
561,3,0-20
562,7,0-20
563,59,41-60
564,7,0-20
565,71,61-80
566,15,0-20
567,71,61-80
568,35,21-40
569,11,0-20
570,60,41-60
571,47,41-60
572,11,0-20
573,56,41-60
574,28,21-40
575,61,61-80
576,31,21-40
577,9,0-20
578,35,21-40
579,2,0-20
580,12,0-20
581,1,0-20
582,4,0-20
583,1,0-20
584,3,0-20
585,1,0-20
586,52,41-60
587,5,0-20
588,72,61-80
589,71,61-80
590,72,61-80
591,46,41-60
592,63,61-80
593,30,21-40
594,1,0-20
595,12,0-20
596,16,0-20
597,4,0-20
598,51,41-60
599,65,61-80
600,16,0-20
601,2,0-20
602,66,61-80
603,46,41-60
604,32,21-40
605,72,61-80
606,38,21-40
607,51,41-60
608,72,61-80
609,65,61-80
610,9,0-20
611,9,0-20
612,66,61-80
613,44,41-60
614,50,41-60
615,15,0-20
616,8,0-20
617,66,61-80
618,57,41-60
619,7,0-20
620,10,0-20
621,62,61-80
622,40,21-40
623,20,0-20
624,7,0-20
625,25,21-40
626,23,21-40
627,66,61-80
628,72,61-80
629,49,41-60
630,43,41-60
631,46,41-60
632,72,61-80
633,10,0-20
634,40,21-40
635,65,61-80
636,31,21-40
637,68,61-80
638,56,41-60
639,10,0-20
640,68,61-80
641,43,41-60
642,1,0-20
643,49,41-60
644,15,0-20
645,20,0-20
646,1,0-20
647,50,41-60
648,2,0-20
649,24,21-40
650,3,0-20
651,1,0-20
652,35,21-40
653,17,0-20
654,8,0-20
655,10,0-20
656,68,61-80
657,45,41-60
658,2,0-20
659,37,21-40
660,4,0-20
661,10,0-20
662,1,0-20
663,65,61-80
664,57,41-60
665,3,0-20
666,2,0-20
667,49,41-60
668,4,0-20
669,70,61-80
670,53,41-60
671,53,41-60
672,1,0-20
673,22,21-40
674,52,41-60
675,65,61-80
676,48,41-60
677,2,0-20
678,3,0-20
679,45,41-60
680,1,0-20
681,61,61-80
682,3,0-20
683,40,21-40
684,1,0-20
685,1,0-20
686,51,41-60
687,2,0-20
688,52,41-60
689,51,41-60
690,1,0-20
691,31,21-40
692,47,41-60
693,3,0-20
694,22,21-40
695,1,0-20
696,72,61-80
697,3,0-20
698,47,41-60
699,72,61-80
700,66,61-80
701,35,21-40
702,29,21-40
703,2,0-20
704,4,0-20
705,25,21-40
706,65,61-80
707,27,21-40
708,29,21-40
709,29,21-40
710,1,0-20
711,20,0-20
712,58,41-60
713,14,0-20
714,72,61-80
715,46,41-60
716,71,61-80
717,32,21-40
718,26,21-40
719,68,61-80
720,2,0-20
721,61,61-80
722,4,0-20
723,3,0-20
724,33,21-40
725,9,0-20
726,22,21-40
727,5,0-20
728,30,21-40
729,65,61-80
730,45,41-60
731,5,0-20
732,25,21-40
733,72,61-80
734,27,21-40
735,32,21-40
736,30,21-40
737,70,61-80
738,42,41-60
739,72,61-80
740,47,41-60
741,2,0-20
742,10,0-20
743,61,61-80
744,5,0-20
745,72,61-80
746,72,61-80
747,3,0-20
748,48,41-60
749,63,61-80
750,27,21-40
751,70,61-80
752,7,0-20
753,0,0-20
754,2,0-20
755,20,0-20
756,66,61-80
757,3,0-20
758,15,0-20
759,72,61-80
760,1,0-20
761,22,21-40
762,3,0-20
763,72,61-80
764,65,61-80
765,11,0-20
766,22,21-40
767,14,0-20
768,41,41-60
769,17,0-20
770,11,0-20
771,15,0-20
772,1,0-20
773,5,0-20
774,33,21-40
775,72,61-80
776,3,0-20
777,2,0-20
778,59,41-60
779,2,0-20
780,71,61-80
781,5,0-20
782,27,21-40
783,1,0-20
784,63,61-80
785,46,41-60
786,72,61-80
787,34,21-40
788,24,21-40
789,72,61-80
790,60,41-60
791,68,61-80
792,8,0-20
793,34,21-40
794,6,0-20
795,2,0-20
796,31,21-40
797,20,0-20
798,1,0-20
799,62,61-80
800,70,61-80
801,10,0-20
802,39,21-40
803,46,41-60
804,6,0-20
805,72,61-80
806,18,0-20
807,71,61-80
808,40,21-40
809,1,0-20
810,58,41-60
811,70,61-80
812,42,41-60
813,34,21-40
814,5,0-20
815,25,21-40
816,2,0-20
817,55,41-60
818,21,21-40
819,70,61-80
820,61,61-80
821,43,41-60
822,47,41-60
823,5,0-20
824,62,61-80
825,16,0-20
826,7,0-20
827,14,0-20
828,60,41-60
829,34,21-40
830,50,41-60
831,38,21-40
832,70,61-80
833,37,21-40
834,4,0-20
835,60,41-60
836,62,61-80
837,1,0-20
838,36,21-40
839,44,41-60
840,55,41-60
841,72,61-80
842,12,0-20
843,13,0-20
844,1,0-20
845,15,0-20
846,65,61-80
847,12,0-20
848,72,61-80
849,72,61-80
850,72,61-80
851,52,41-60
852,2,0-20
853,5,0-20
854,68,61-80
855,62,61-80
856,72,61-80
857,1,0-20
858,66,61-80
859,72,61-80
860,26,21-40
861,64,61-80
862,20,0-20
863,3,0-20
864,22,21-40
865,4,0-20
866,62,61-80
867,5,0-20
868,59,41-60
869,3,0-20
870,72,61-80
871,57,41-60
872,66,61-80
873,60,41-60
874,45,41-60
875,3,0-20
876,15,0-20
877,51,41-60
878,60,41-60
879,33,21-40
880,10,0-20
881,26,21-40
882,6,0-20
883,67,61-80
884,49,41-60
885,1,0-20
886,7,0-20
887,27,21-40
888,37,21-40
889,63,61-80
890,31,21-40
891,50,41-60
892,32,21-40
893,1,0-20
894,63,61-80
895,30,21-40
896,71,61-80
897,53,41-60
898,12,0-20
899,50,41-60
900,2,0-20
901,9,0-20
902,17,0-20
903,56,41-60
904,67,61-80
905,9,0-20
906,4,0-20
907,19,0-20
908,8,0-20
909,71,61-80
910,10,0-20
911,15,0-20
912,72,61-80
913,12,0-20
914,72,61-80
915,1,0-20
916,23,21-40
917,72,61-80
918,26,21-40
919,21,21-40
920,60,41-60
921,12,0-20
922,16,0-20
923,63,61-80
924,22,21-40
925,32,21-40
926,3,0-20
927,13,0-20
928,68,61-80
929,30,21-40
930,16,0-20
931,33,21-40
932,72,61-80
933,4,0-20
934,12,0-20
935,4,0-20
936,0,0-20
937,6,0-20
938,65,61-80
939,15,0-20
940,24,21-40
941,13,0-20
942,24,21-40
943,72,61-80
944,54,41-60
945,3,0-20
946,4,0-20
947,32,21-40
948,35,21-40
949,35,21-40
950,2,0-20
951,8,0-20
952,22,21-40
953,15,0-20
954,22,21-40
955,1,0-20
956,71,61-80
957,4,0-20
958,25,21-40
959,32,21-40
960,7,0-20
961,17,0-20
962,8,0-20
963,56,41-60
964,1,0-20
965,8,0-20
966,7,0-20
967,3,0-20
968,71,61-80
969,2,0-20
970,1,0-20
971,49,41-60
972,58,41-60
973,44,41-60
974,59,41-60
975,71,61-80
976,1,0-20
977,11,0-20
978,62,61-80
979,35,21-40
980,20,0-20
981,40,21-40
982,39,21-40
983,1,0-20
984,72,61-80
985,33,21-40
986,12,0-20
987,1,0-20
988,27,21-40
989,34,21-40
990,56,41-60
991,58,41-60
992,22,21-40
993,10,0-20
994,13,0-20
995,35,21-40
996,34,21-40
997,4,0-20
998,72,61-80
999,2,0-20
1000,7,0-20
1001,27,21-40
1002,4,0-20
1003,37,21-40
1004,21,21-40
1005,53,41-60
1006,18,0-20
1007,2,0-20
1008,32,21-40
1009,23,21-40
1010,3,0-20
1011,71,61-80
1012,9,0-20
1013,1,0-20
1014,18,0-20
1015,12,0-20
1016,71,61-80
1017,64,61-80
1018,4,0-20
1019,23,21-40
1020,39,21-40
1021,28,21-40
1022,5,0-20
1023,45,41-60
1024,37,21-40
1025,60,41-60
1026,8,0-20
1027,47,41-60
1028,26,21-40
1029,3,0-20
1030,50,41-60
1031,27,21-40
1032,8,0-20
1033,62,61-80
1034,71,61-80
1035,66,61-80
1036,68,61-80
1037,13,0-20
1038,56,41-60
1039,38,21-40
1040,14,0-20
1041,16,0-20
1042,14,0-20
1043,32,21-40
1044,8,0-20
1045,43,41-60
1046,52,41-60
1047,3,0-20
1048,29,21-40
1049,1,0-20
1050,12,0-20
1051,16,0-20
1052,40,21-40
1053,5,0-20
1054,40,21-40
1055,36,21-40
1056,5,0-20
1057,10,0-20
1058,2,0-20
1059,23,21-40
1060,26,21-40
1061,72,61-80
1062,34,21-40
1063,10,0-20
1064,14,0-20
1065,23,21-40
1066,47,41-60
1067,24,21-40
1068,49,41-60
1069,20,0-20
1070,2,0-20
1071,2,0-20
1072,22,21-40
1073,7,0-20
1074,1,0-20
1075,59,41-60
1076,58,41-60
1077,41,41-60
1078,59,41-60
1079,3,0-20
1080,32,21-40
1081,46,41-60
1082,0,0-20
1083,2,0-20
1084,52,41-60
1085,13,0-20
1086,11,0-20
1087,32,21-40
1088,17,0-20
1089,16,0-20
1090,51,41-60
1091,29,21-40
1092,70,61-80
1093,71,61-80
1094,41,41-60
1095,1,0-20
1096,7,0-20
1097,25,21-40
1098,67,61-80
1099,5,0-20
1100,15,0-20
1101,20,0-20
1102,3,0-20
1103,54,41-60
1104,42,41-60
1105,9,0-20
1106,63,61-80
1107,69,61-80
1108,69,61-80
1109,40,21-40
1110,60,41-60
1111,4,0-20
1112,71,61-80
1113,37,21-40
1114,32,21-40
1115,39,21-40
1116,38,21-40
1117,52,41-60
1118,48,41-60
1119,70,61-80
1120,20,0-20
1121,50,41-60
1122,19,0-20
1123,25,21-40
1124,12,0-20
1125,39,21-40
1126,7,0-20
1127,23,21-40
1128,27,21-40
1129,47,41-60
1130,26,21-40
1131,14,0-20
1132,11,0-20
1133,2,0-20
1134,26,21-40
1135,72,61-80
1136,63,61-80
1137,71,61-80
1138,11,0-20
1139,14,0-20
1140,13,0-20
1141,6,0-20
1142,11,0-20
1143,18,0-20
1144,1,0-20
1145,32,21-40
1146,29,21-40
1147,3,0-20
1148,2,0-20
1149,13,0-20
1150,41,41-60
1151,1,0-20
1152,7,0-20
1153,52,41-60
1154,45,41-60
1155,70,61-80
1156,53,41-60
1157,62,61-80
1158,60,41-60
1159,3,0-20
1160,23,21-40
1161,1,0-20
1162,67,61-80
1163,12,0-20
1164,71,61-80
1165,25,21-40
1166,5,0-20
1167,26,21-40
1168,1,0-20
1169,70,61-80
1170,72,61-80
1171,60,41-60
1172,32,21-40
1173,1,0-20
1174,14,0-20
1175,13,0-20
1176,6,0-20
1177,46,41-60
1178,15,0-20
1179,43,41-60
1180,39,21-40
1181,21,21-40
1182,57,41-60
1183,53,41-60
1184,18,0-20
1185,1,0-20
1186,58,41-60
1187,71,61-80
1188,35,21-40
1189,3,0-20
1190,38,21-40
1191,35,21-40
1192,7,0-20
1193,47,41-60
1194,14,0-20
1195,20,0-20
1196,66,61-80
1197,15,0-20
1198,42,41-60
1199,17,0-20
1200,37,21-40
1201,12,0-20
1202,53,41-60
1203,60,41-60
1204,18,0-20
1205,1,0-20
1206,3,0-20
1207,9,0-20
1208,1,0-20
1209,56,41-60
1210,17,0-20
1211,11,0-20
1212,7,0-20
1213,69,61-80
1214,19,0-20
1215,3,0-20
1216,54,41-60
1217,62,61-80
1218,24,21-40
1219,62,61-80
1220,17,0-20
1221,9,0-20
1222,64,61-80
1223,2,0-20
1224,1,0-20
1225,16,0-20
1226,72,61-80
1227,30,21-40
1228,49,41-60
1229,61,61-80
1230,47,41-60
1231,20,0-20
1232,34,21-40
1233,70,61-80
1234,54,41-60
1235,61,61-80
1236,3,0-20
1237,13,0-20
1238,16,0-20
1239,3,0-20
1240,25,21-40
1241,30,21-40
1242,21,21-40
1243,1,0-20
1244,15,0-20
1245,23,21-40
1246,45,41-60
1247,24,21-40
1248,11,0-20
1249,1,0-20
1250,56,41-60
1251,1,0-20
1252,1,0-20
1253,7,0-20
1254,55,41-60
1255,2,0-20
1256,72,61-80
1257,45,41-60
1258,47,41-60
1259,46,41-60
1260,2,0-20
1261,2,0-20
1262,12,0-20
1263,68,61-80
1264,69,61-80
1265,56,41-60
1266,4,0-20
1267,64,61-80
1268,59,41-60
1269,62,61-80
1270,63,61-80
1271,53,41-60
1272,5,0-20
1273,49,41-60
1274,62,61-80
1275,55,41-60
1276,71,61-80
1277,72,61-80
1278,36,21-40
1279,25,21-40
1280,72,61-80
1281,36,21-40
1282,1,0-20
1283,72,61-80
1284,59,41-60
1285,7,0-20
1286,1,0-20
1287,30,21-40
1288,64,61-80
1289,63,61-80
1290,72,61-80
1291,8,0-20
1292,62,61-80
1293,67,61-80
1294,6,0-20
1295,70,61-80
1296,20,0-20
1297,5,0-20
1298,24,21-40
1299,11,0-20
1300,72,61-80
1301,66,61-80
1302,45,41-60
1303,69,61-80
1304,15,0-20
1305,28,21-40
1306,70,61-80
1307,36,21-40
1308,16,0-20
1309,18,0-20
1310,34,21-40
1311,42,41-60
1312,48,41-60
1313,47,41-60
1314,39,21-40
1315,11,0-20
1316,7,0-20
1317,3,0-20
1318,8,0-20
1319,1,0-20
1320,32,21-40
1321,60,41-60
1322,10,0-20
1323,71,61-80
1324,4,0-20
1325,1,0-20
1326,43,41-60
1327,59,41-60
1328,23,21-40
1329,72,61-80
1330,22,21-40
1331,1,0-20
1332,69,61-80
1333,50,41-60
1334,1,0-20
1335,2,0-20
1336,15,0-20
1337,31,21-40
1338,1,0-20
1339,66,61-80
1340,0,0-20
1341,3,0-20
1342,8,0-20
1343,64,61-80
1344,28,21-40
1345,57,41-60
1346,14,0-20
1347,19,0-20
1348,10,0-20
1349,51,41-60
1350,67,61-80
1351,11,0-20
1352,72,61-80
1353,66,61-80
1354,18,0-20
1355,9,0-20
1356,9,0-20
1357,48,41-60
1358,10,0-20
1359,9,0-20
1360,13,0-20
1361,4,0-20
1362,4,0-20
1363,72,61-80
1364,51,41-60
1365,59,41-60
1366,10,0-20
1367,61,61-80
1368,54,41-60
1369,33,21-40
1370,27,21-40
1371,1,0-20
1372,23,21-40
1373,1,0-20
1374,45,41-60
1375,39,21-40
1376,5,0-20
1377,72,61-80
1378,58,41-60
1379,70,61-80
1380,61,61-80
1381,2,0-20
1382,46,41-60
1383,1,0-20
1384,22,21-40
1385,48,41-60
1386,64,61-80
1387,72,61-80
1388,12,0-20
1389,34,21-40
1390,72,61-80
1391,29,21-40
1392,33,21-40
1393,1,0-20
1394,62,61-80
1395,41,41-60
1396,64,61-80
1397,4,0-20
1398,24,21-40
1399,14,0-20
1400,3,0-20
1401,4,0-20
1402,18,0-20
1403,8,0-20
1404,35,21-40
1405,1,0-20
1406,66,61-80
1407,8,0-20
1408,71,61-80
1409,43,41-60
1410,2,0-20
1411,29,21-40
1412,15,0-20
1413,65,61-80
1414,35,21-40
1415,64,61-80
1416,58,41-60
1417,18,0-20
1418,67,61-80
1419,63,61-80
1420,60,41-60
1421,9,0-20
1422,70,61-80
1423,15,0-20
1424,48,41-60
1425,12,0-20
1426,71,61-80
1427,44,41-60
1428,1,0-20
1429,45,41-60
1430,23,21-40
1431,43,41-60
1432,35,21-40
1433,9,0-20
1434,12,0-20
1435,65,61-80
1436,2,0-20
1437,27,21-40
1438,40,21-40
1439,5,0-20
1440,8,0-20
1441,58,41-60
1442,52,41-60
1443,3,0-20
1444,41,41-60
1445,20,0-20
1446,1,0-20
1447,4,0-20
1448,23,21-40
1449,6,0-20
1450,8,0-20
1451,18,0-20
1452,52,41-60
1453,31,21-40
1454,29,21-40
1455,36,21-40
1456,16,0-20
1457,42,41-60
1458,1,0-20
1459,60,41-60
1460,5,0-20
1461,22,21-40
1462,36,21-40
1463,4,0-20
1464,9,0-20
1465,1,0-20
1466,12,0-20
1467,23,21-40
1468,62,61-80
1469,37,21-40
1470,8,0-20
1471,31,21-40
1472,13,0-20
1473,24,21-40
1474,45,41-60
1475,69,61-80
1476,2,0-20
1477,61,61-80
1478,41,41-60
1479,44,41-60
1480,39,21-40
1481,72,61-80
1482,13,0-20
1483,51,41-60
1484,71,61-80
1485,22,21-40
1486,2,0-20
1487,56,41-60
1488,1,0-20
1489,23,21-40
1490,66,61-80
1491,1,0-20
1492,19,0-20
1493,11,0-20
1494,8,0-20
1495,52,41-60
1496,3,0-20
1497,51,41-60
1498,15,0-20
1499,64,61-80
1500,37,21-40
1501,13,0-20
1502,49,41-60
1503,45,41-60
1504,18,0-20
1505,1,0-20
1506,68,61-80
1507,54,41-60
1508,23,21-40
1509,17,0-20
1510,71,61-80
1511,67,61-80
1512,14,0-20
1513,1,0-20
1514,63,61-80
1515,41,41-60
1516,17,0-20
1517,56,41-60
1518,5,0-20
1519,2,0-20
1520,3,0-20
1521,37,21-40
1522,29,21-40
1523,8,0-20
1524,63,61-80
1525,7,0-20
1526,3,0-20
1527,72,61-80
1528,19,0-20
1529,59,41-60
1530,2,0-20
1531,35,21-40
1532,14,0-20
1533,14,0-20
1534,69,61-80
1535,7,0-20
1536,69,61-80
1537,72,61-80
1538,8,0-20
1539,4,0-20
1540,63,61-80
1541,72,61-80
1542,46,41-60
1543,5,0-20
1544,30,21-40
1545,63,61-80
1546,60,41-60
1547,63,61-80
1548,25,21-40
1549,1,0-20
1550,6,0-20
1551,22,21-40
1552,31,21-40
1553,39,21-40
1554,26,21-40
1555,53,41-60
1556,1,0-20
1557,12,0-20
1558,16,0-20
1559,2,0-20
1560,39,21-40
1561,1,0-20
1562,7,0-20
1563,4,0-20
1564,10,0-20
1565,55,41-60
1566,72,61-80
1567,10,0-20
1568,11,0-20
1569,15,0-20
1570,23,21-40
1571,1,0-20
1572,3,0-20
1573,47,41-60
1574,15,0-20
1575,66,61-80
1576,68,61-80
1577,17,0-20
1578,7,0-20
1579,12,0-20
1580,21,21-40
1581,21,21-40
1582,56,41-60
1583,6,0-20
1584,65,61-80
1585,42,41-60
1586,68,61-80
1587,48,41-60
1588,50,41-60
1589,7,0-20
1590,63,61-80
1591,17,0-20
1592,42,41-60
1593,4,0-20
1594,62,61-80
1595,2,0-20
1596,2,0-20
1597,48,41-60
1598,27,21-40
1599,70,61-80
1600,1,0-20
1601,46,41-60
1602,30,21-40
1603,15,0-20
1604,69,61-80
1605,65,61-80
1606,72,61-80
1607,13,0-20
1608,17,0-20
1609,51,41-60
1610,51,41-60
1611,72,61-80
1612,67,61-80
1613,34,21-40
1614,67,61-80
1615,49,41-60
1616,53,41-60
1617,27,21-40
1618,23,21-40
1619,69,61-80
1620,2,0-20
1621,35,21-40
1622,46,41-60
1623,54,41-60
1624,56,41-60
1625,9,0-20
1626,20,0-20
1627,11,0-20
1628,30,21-40
1629,68,61-80
1630,38,21-40
1631,17,0-20
1632,48,41-60
1633,1,0-20
1634,63,61-80
1635,3,0-20
1636,48,41-60
1637,66,61-80
1638,68,61-80
1639,17,0-20
1640,7,0-20
1641,72,61-80
1642,29,21-40
1643,37,21-40
1644,34,21-40
1645,42,41-60
1646,59,41-60
1647,11,0-20
1648,60,41-60
1649,27,21-40
1650,1,0-20
1651,1,0-20
1652,17,0-20
1653,58,41-60
1654,1,0-20
1655,3,0-20
1656,53,41-60
1657,35,21-40
1658,50,41-60
1659,68,61-80
1660,47,41-60
1661,65,61-80
1662,5,0-20
1663,51,41-60
1664,46,41-60
1665,9,0-20
1666,8,0-20
1667,14,0-20
1668,45,41-60
1669,8,0-20
1670,1,0-20
1671,66,61-80
1672,72,61-80
1673,41,41-60
1674,23,21-40
1675,29,21-40
1676,4,0-20
1677,6,0-20
1678,67,61-80
1679,7,0-20
1680,56,41-60
1681,72,61-80
1682,72,61-80
1683,23,21-40
1684,35,21-40
1685,27,21-40
1686,26,21-40
1687,12,0-20
1688,40,21-40
1689,7,0-20
1690,70,61-80
1691,60,41-60
1692,39,21-40
1693,72,61-80
1694,1,0-20
1695,54,41-60
1696,3,0-20
1697,63,61-80
1698,71,61-80
1699,42,41-60
1700,47,41-60
1701,66,61-80
1702,21,21-40
1703,11,0-20
1704,1,0-20
1705,55,41-60
1706,69,61-80
1707,3,0-20
1708,4,0-20
1709,30,21-40
1710,5,0-20
1711,71,61-80
1712,29,21-40
1713,52,41-60
1714,68,61-80
1715,46,41-60
1716,8,0-20
1717,72,61-80
1718,17,0-20
1719,3,0-20
1720,2,0-20
1721,9,0-20
1722,51,41-60
1723,6,0-20
1724,3,0-20
1725,17,0-20
1726,30,21-40
1727,31,21-40
1728,45,41-60
1729,64,61-80
1730,1,0-20
1731,1,0-20
1732,61,61-80
1733,1,0-20
1734,9,0-20
1735,72,61-80
1736,1,0-20
1737,7,0-20
1738,66,61-80
1739,1,0-20
1740,40,21-40
1741,16,0-20
1742,2,0-20
1743,67,61-80
1744,41,41-60
1745,56,41-60
1746,72,61-80
1747,3,0-20
1748,54,41-60
1749,52,41-60
1750,50,41-60
1751,14,0-20
1752,27,21-40
1753,72,61-80
1754,62,61-80
1755,12,0-20
1756,44,41-60
1757,54,41-60
1758,68,61-80
1759,20,0-20
1760,50,41-60
1761,58,41-60
1762,35,21-40
1763,2,0-20
1764,63,61-80
1765,58,41-60
1766,27,21-40
1767,71,61-80
1768,63,61-80
1769,71,61-80
1770,41,41-60
1771,13,0-20
1772,2,0-20
1773,68,61-80
1774,1,0-20
1775,65,61-80
1776,72,61-80
1777,28,21-40
1778,72,61-80
1779,2,0-20
1780,18,0-20
1781,60,41-60
1782,26,21-40
1783,1,0-20
1784,4,0-20
1785,68,61-80
1786,38,21-40
1787,42,41-60
1788,57,41-60
1789,54,41-60
1790,12,0-20
1791,44,41-60
1792,42,41-60
1793,72,61-80
1794,71,61-80
1795,19,0-20
1796,23,21-40
1797,30,21-40
1798,35,21-40
1799,10,0-20
1800,1,0-20
1801,22,21-40
1802,7,0-20
1803,36,21-40
1804,34,21-40
1805,72,61-80
1806,36,21-40
1807,1,0-20
1808,23,21-40
1809,32,21-40
1810,71,61-80
1811,23,21-40
1812,17,0-20
1813,1,0-20
1814,12,0-20
1815,72,61-80
1816,1,0-20
1817,72,61-80
1818,60,41-60
1819,61,61-80
1820,6,0-20
1821,32,21-40
1822,31,21-40
1823,19,0-20
1824,72,61-80
1825,32,21-40
1826,65,61-80
1827,45,41-60
1828,42,41-60
1829,8,0-20
1830,32,21-40
1831,22,21-40
1832,57,41-60
1833,1,0-20
1834,1,0-20
1835,1,0-20
1836,24,21-40
1837,1,0-20
1838,54,41-60
1839,4,0-20
1840,65,61-80
1841,56,41-60
1842,45,41-60
1843,71,61-80
1844,59,41-60
1845,69,61-80
1846,19,0-20
1847,55,41-60
1848,38,21-40
1849,10,0-20
1850,47,41-60
1851,2,0-20
1852,1,0-20
1853,1,0-20
1854,1,0-20
1855,46,41-60
1856,38,21-40
1857,65,61-80
1858,19,0-20
1859,52,41-60
1860,71,61-80
1861,1,0-20
1862,52,41-60
1863,6,0-20
1864,26,21-40
1865,48,41-60
1866,64,61-80
1867,3,0-20
1868,1,0-20
1869,72,61-80
1870,1,0-20
1871,51,41-60
1872,41,41-60
1873,72,61-80
1874,43,41-60
1875,72,61-80
1876,47,41-60
1877,72,61-80
1878,3,0-20
1879,1,0-20
1880,2,0-20
1881,26,21-40
1882,29,21-40
1883,35,21-40
1884,27,21-40
1885,24,21-40
1886,67,61-80
1887,16,0-20
1888,23,21-40
1889,14,0-20
1890,1,0-20
1891,1,0-20
1892,4,0-20
1893,16,0-20
1894,46,41-60
1895,68,61-80
1896,38,21-40
1897,30,21-40
1898,5,0-20
1899,17,0-20
1900,4,0-20
1901,12,0-20
1902,72,61-80
1903,3,0-20
1904,56,41-60
1905,41,41-60
1906,40,21-40
1907,7,0-20
1908,69,61-80
1909,7,0-20
1910,5,0-20
1911,72,61-80
1912,44,41-60
1913,65,61-80
1914,3,0-20
1915,24,21-40
1916,44,41-60
1917,72,61-80
1918,24,21-40
1919,1,0-20
1920,22,21-40
1921,70,61-80
1922,25,21-40
1923,37,21-40
1924,22,21-40
1925,59,41-60
1926,49,41-60
1927,47,41-60
1928,31,21-40
1929,1,0-20
1930,3,0-20
1931,53,41-60
1932,1,0-20
1933,20,0-20
1934,3,0-20
1935,51,41-60
1936,51,41-60
1937,13,0-20
1938,1,0-20
1939,1,0-20
1940,63,61-80
1941,3,0-20
1942,46,41-60
1943,1,0-20
1944,8,0-20
1945,71,61-80
1946,55,41-60
1947,70,61-80
1948,2,0-20
1949,67,61-80
1950,65,61-80
1951,14,0-20
1952,20,0-20
1953,1,0-20
1954,1,0-20
1955,49,41-60
1956,72,61-80
1957,46,41-60
1958,24,21-40
1959,5,0-20
1960,33,21-40
1961,42,41-60
1962,23,21-40
1963,8,0-20
1964,66,61-80
1965,24,21-40
1966,24,21-40
1967,69,61-80
1968,53,41-60
1969,60,41-60
1970,7,0-20
1971,20,0-20
1972,23,21-40
1973,72,61-80
1974,11,0-20
1975,21,21-40
1976,1,0-20
1977,31,21-40
1978,57,41-60
1979,45,41-60
1980,10,0-20
1981,58,41-60
1982,14,0-20
1983,27,21-40
1984,14,0-20
1985,12,0-20
1986,69,61-80
1987,25,21-40
1988,58,41-60
1989,35,21-40
1990,16,0-20
1991,45,41-60
1992,17,0-20
1993,1,0-20
1994,22,21-40
1995,1,0-20
1996,67,61-80
1997,67,61-80
1998,2,0-20
1999,23,21-40
2000,9,0-20
2001,5,0-20
2002,54,41-60
2003,57,41-60
2004,24,21-40
2005,49,41-60
2006,5,0-20
2007,2,0-20
2008,4,0-20
2009,70,61-80
2010,5,0-20
2011,53,41-60
2012,47,41-60
2013,31,21-40
2014,13,0-20
2015,28,21-40
2016,10,0-20
2017,38,21-40
2018,1,0-20
2019,67,61-80
2020,52,41-60
2021,62,61-80
2022,16,0-20
2023,5,0-20
2024,12,0-20
2025,72,61-80
2026,71,61-80
2027,24,21-40
2028,15,0-20
2029,67,61-80
2030,2,0-20
2031,5,0-20
2032,15,0-20
2033,1,0-20
2034,41,41-60
2035,43,41-60
2036,1,0-20
2037,1,0-20
2038,26,21-40
2039,22,21-40
2040,71,61-80
2041,7,0-20
2042,28,21-40
2043,16,0-20
2044,7,0-20
2045,69,61-80
2046,1,0-20
2047,3,0-20
2048,21,21-40
2049,69,61-80
2050,71,61-80
2051,69,61-80
2052,48,41-60
2053,47,41-60
2054,2,0-20
2055,45,41-60
2056,51,41-60
2057,22,21-40
2058,72,61-80
2059,37,21-40
2060,71,61-80
2061,7,0-20
2062,66,61-80
2063,51,41-60
2064,30,21-40
2065,34,21-40
2066,64,61-80
2067,65,61-80
2068,47,41-60
2069,1,0-20
2070,49,41-60
2071,67,61-80
2072,39,21-40
2073,14,0-20
2074,43,41-60
2075,56,41-60
2076,14,0-20
2077,1,0-20
2078,16,0-20
2079,70,61-80
2080,72,61-80
2081,23,21-40
2082,21,21-40
2083,1,0-20
2084,1,0-20
2085,32,21-40
2086,17,0-20
2087,4,0-20
2088,36,21-40
2089,50,41-60
2090,48,41-60
2091,50,41-60
2092,72,61-80
2093,10,0-20
2094,18,0-20
2095,1,0-20
2096,1,0-20
2097,9,0-20
2098,2,0-20
2099,40,21-40
2100,69,61-80
2101,37,21-40
2102,18,0-20
2103,11,0-20
2104,8,0-20
2105,3,0-20
2106,55,41-60
2107,33,21-40
2108,46,41-60
2109,34,21-40
2110,3,0-20
2111,30,21-40
2112,33,21-40
2113,45,41-60
2114,40,21-40
2115,71,61-80
2116,1,0-20
2117,72,61-80
2118,22,21-40
2119,46,41-60
2120,55,41-60
2121,1,0-20
2122,12,0-20
2123,31,21-40
2124,5,0-20
2125,67,61-80
2126,1,0-20
2127,40,21-40
2128,41,41-60
2129,1,0-20
2130,51,41-60
2131,42,41-60
2132,23,21-40
2133,1,0-20
2134,1,0-20
2135,56,41-60
2136,15,0-20
2137,12,0-20
2138,54,41-60
2139,7,0-20
2140,33,21-40
2141,16,0-20
2142,21,21-40
2143,30,21-40
2144,3,0-20
2145,11,0-20
2146,62,61-80
2147,18,0-20
2148,6,0-20
2149,46,41-60
2150,21,21-40
2151,68,61-80
2152,1,0-20
2153,25,21-40
2154,24,21-40
2155,30,21-40
2156,2,0-20
2157,51,41-60
2158,57,41-60
2159,15,0-20
2160,72,61-80
2161,2,0-20
2162,28,21-40
2163,29,21-40
2164,70,61-80
2165,13,0-20
2166,59,41-60
2167,13,0-20
2168,7,0-20
2169,62,61-80
2170,21,21-40
2171,2,0-20
2172,1,0-20
2173,4,0-20
2174,19,0-20
2175,30,21-40
2176,67,61-80
2177,72,61-80
2178,53,41-60
2179,5,0-20
2180,71,61-80
2181,50,41-60
2182,56,41-60
2183,2,0-20
2184,2,0-20
2185,24,21-40
2186,46,41-60
2187,71,61-80
2188,29,21-40
2189,69,61-80
2190,71,61-80
2191,1,0-20
2192,56,41-60
2193,56,41-60
2194,1,0-20
2195,28,21-40
2196,19,0-20
2197,66,61-80
2198,17,0-20
2199,52,41-60
2200,19,0-20
2201,36,21-40
2202,7,0-20
2203,72,61-80
2204,67,61-80
2205,34,21-40
2206,57,41-60
2207,7,0-20
2208,1,0-20
2209,8,0-20
2210,69,61-80
2211,50,41-60
2212,10,0-20
2213,12,0-20
2214,14,0-20
2215,70,61-80
2216,64,61-80
2217,66,61-80
2218,71,61-80
2219,20,0-20
2220,72,61-80
2221,71,61-80
2222,38,21-40
2223,28,21-40
2224,17,0-20
2225,33,21-40
2226,23,21-40
2227,58,41-60
2228,70,61-80
2229,4,0-20
2230,45,41-60
2231,10,0-20
2232,36,21-40
2233,54,41-60
2234,23,21-40
2235,41,41-60
2236,5,0-20
2237,27,21-40
2238,1,0-20
2239,67,61-80
2240,72,61-80
2241,56,41-60
2242,44,41-60
2243,66,61-80
2244,34,21-40
2245,69,61-80
2246,1,0-20
2247,40,21-40
2248,30,21-40
2249,11,0-20
2250,15,0-20
2251,11,0-20
2252,64,61-80
2253,72,61-80
2254,72,61-80
2255,1,0-20
2256,15,0-20
2257,60,41-60
2258,56,41-60
2259,8,0-20
2260,3,0-20
2261,49,41-60
2262,2,0-20
2263,6,0-20
2264,70,61-80
2265,12,0-20
2266,52,41-60
2267,72,61-80
2268,40,21-40
2269,1,0-20
2270,3,0-20
2271,40,21-40
2272,1,0-20
2273,30,21-40
2274,23,21-40
2275,1,0-20
2276,44,41-60
2277,65,61-80
2278,7,0-20
2279,72,61-80
2280,8,0-20
2281,16,0-20
2282,66,61-80
2283,1,0-20
2284,3,0-20
2285,53,41-60
2286,8,0-20
2287,69,61-80
2288,5,0-20
2289,72,61-80
2290,13,0-20
2291,4,0-20
2292,54,41-60
2293,72,61-80
2294,12,0-20
2295,1,0-20
2296,1,0-20
2297,54,41-60
2298,69,61-80
2299,48,41-60
2300,48,41-60
2301,8,0-20
2302,71,61-80
2303,2,0-20
2304,67,61-80
2305,34,21-40
2306,3,0-20
2307,9,0-20
2308,71,61-80
2309,57,41-60
2310,72,61-80
2311,48,41-60
2312,18,0-20
2313,43,41-60
2314,72,61-80
2315,35,21-40
2316,4,0-20
2317,49,41-60
2318,71,61-80
2319,11,0-20
2320,63,61-80
2321,65,61-80
2322,49,41-60
2323,29,21-40
2324,15,0-20
2325,4,0-20
2326,72,61-80
2327,26,21-40
2328,35,21-40
2329,57,41-60
2330,28,21-40
2331,25,21-40
2332,47,41-60
2333,57,41-60
2334,16,0-20
2335,5,0-20
2336,17,0-20
2337,56,41-60
2338,72,61-80
2339,21,21-40
2340,48,41-60
2341,68,61-80
2342,30,21-40
2343,3,0-20
2344,14,0-20
2345,4,0-20
2346,71,61-80
2347,8,0-20
2348,61,61-80
2349,72,61-80
2350,5,0-20
2351,49,41-60
2352,8,0-20
2353,3,0-20
2354,9,0-20
2355,67,61-80
2356,46,41-60
2357,67,61-80
2358,55,41-60
2359,33,21-40
2360,62,61-80
2361,1,0-20
2362,49,41-60
2363,1,0-20
2364,14,0-20
2365,18,0-20
2366,1,0-20
2367,1,0-20
2368,72,61-80
2369,64,61-80
2370,69,61-80
2371,1,0-20
2372,71,61-80
2373,66,61-80
2374,2,0-20
2375,71,61-80
2376,11,0-20
2377,47,41-60
2378,35,21-40
2379,32,21-40
2380,60,41-60
2381,11,0-20
2382,29,21-40
2383,21,21-40
2384,48,41-60
2385,3,0-20
2386,43,41-60
2387,5,0-20
2388,1,0-20
2389,71,61-80
2390,8,0-20
2391,8,0-20
2392,20,0-20
2393,33,21-40
2394,71,61-80
2395,31,21-40
2396,38,21-40
2397,1,0-20
2398,2,0-20
2399,12,0-20
2400,9,0-20
2401,11,0-20
2402,6,0-20
2403,71,61-80
2404,42,41-60
2405,8,0-20
2406,5,0-20
2407,2,0-20
2408,45,41-60
2409,28,21-40
2410,43,41-60
2411,60,41-60
2412,42,41-60
2413,7,0-20
2414,25,21-40
2415,40,21-40
2416,27,21-40
2417,10,0-20
2418,27,21-40
2419,11,0-20
2420,4,0-20
2421,68,61-80
2422,1,0-20
2423,18,0-20
2424,57,41-60
2425,26,21-40
2426,17,0-20
2427,1,0-20
2428,38,21-40
2429,59,41-60
2430,30,21-40
2431,2,0-20
2432,50,41-60
2433,9,0-20
2434,3,0-20
2435,14,0-20
2436,31,21-40
2437,7,0-20
2438,8,0-20
2439,17,0-20
2440,32,21-40
2441,2,0-20
2442,7,0-20
2443,72,61-80
2444,31,21-40
2445,27,21-40
2446,18,0-20
2447,7,0-20
2448,14,0-20
2449,11,0-20
2450,72,61-80
2451,28,21-40
2452,15,0-20
2453,4,0-20
2454,71,61-80
2455,5,0-20
2456,47,41-60
2457,57,41-60
2458,50,41-60
2459,8,0-20
2460,48,41-60
2461,70,61-80
2462,1,0-20
2463,8,0-20
2464,1,0-20
2465,1,0-20
2466,60,41-60
2467,49,41-60
2468,4,0-20
2469,29,21-40
2470,67,61-80
2471,53,41-60
2472,67,61-80
2473,6,0-20
2474,47,41-60
2475,53,41-60
2476,69,61-80
2477,3,0-20
2478,4,0-20
2479,56,41-60
2480,59,41-60
2481,61,61-80
2482,2,0-20
2483,46,41-60
2484,12,0-20
2485,14,0-20
2486,28,21-40
2487,24,21-40
2488,31,21-40
2489,68,61-80
2490,39,21-40
2491,42,41-60
2492,13,0-20
2493,6,0-20
2494,35,21-40
2495,38,21-40
2496,18,0-20
2497,4,0-20
2498,27,21-40
2499,41,41-60
2500,50,41-60
2501,72,61-80
2502,70,61-80
2503,44,41-60
2504,2,0-20
2505,34,21-40
2506,72,61-80
2507,71,61-80
2508,64,61-80
2509,72,61-80
2510,1,0-20
2511,29,21-40
2512,23,21-40
2513,52,41-60
2514,25,21-40
2515,64,61-80
2516,16,0-20
2517,1,0-20
2518,24,21-40
2519,2,0-20
2520,34,21-40
2521,36,21-40
2522,53,41-60
2523,47,41-60
2524,72,61-80
2525,72,61-80
2526,1,0-20
2527,9,0-20
2528,8,0-20
2529,45,41-60
2530,7,0-20
2531,71,61-80
2532,41,41-60
2533,67,61-80
2534,69,61-80
2535,70,61-80
2536,25,21-40
2537,72,61-80
2538,34,21-40
2539,65,61-80
2540,70,61-80
2541,72,61-80
2542,35,21-40
2543,13,0-20
2544,12,0-20
2545,62,61-80
2546,25,21-40
2547,52,41-60
2548,8,0-20
2549,2,0-20
2550,56,41-60
2551,12,0-20
2552,47,41-60
2553,2,0-20
2554,18,0-20
2555,8,0-20
2556,45,41-60
2557,3,0-20
2558,38,21-40
2559,72,61-80
2560,46,41-60
2561,71,61-80
2562,66,61-80
2563,25,21-40
2564,18,0-20
2565,13,0-20
2566,65,61-80
2567,60,41-60
2568,15,0-20
2569,72,61-80
2570,30,21-40
2571,42,41-60
2572,71,61-80
2573,1,0-20
2574,39,21-40
2575,35,21-40
2576,53,41-60
2577,1,0-20
2578,31,21-40
2579,48,41-60
2580,30,21-40
2581,10,0-20
2582,12,0-20
2583,57,41-60
2584,58,41-60
2585,37,21-40
2586,44,41-60
2587,27,21-40
2588,8,0-20
2589,3,0-20
2590,25,21-40
2591,57,41-60
2592,12,0-20
2593,62,61-80
2594,65,61-80
2595,71,61-80
2596,21,21-40
2597,71,61-80
2598,7,0-20
2599,72,61-80
2600,1,0-20
2601,72,61-80
2602,64,61-80
2603,72,61-80
2604,29,21-40
2605,13,0-20
2606,31,21-40
2607,1,0-20
2608,7,0-20
2609,61,61-80
2610,39,21-40
2611,10,0-20
2612,14,0-20
2613,1,0-20
2614,67,61-80
2615,72,61-80
2616,6,0-20
2617,1,0-20
2618,25,21-40
2619,33,21-40
2620,18,0-20
2621,71,61-80
2622,28,21-40
2623,2,0-20
2624,17,0-20
2625,56,41-60
2626,60,41-60
2627,33,21-40
2628,1,0-20
2629,2,0-20
2630,63,61-80
2631,7,0-20
2632,55,41-60
2633,65,61-80
2634,1,0-20
2635,63,61-80
2636,70,61-80
2637,36,21-40
2638,52,41-60
2639,22,21-40
2640,22,21-40
2641,5,0-20
2642,47,41-60
2643,33,21-40
2644,18,0-20
2645,1,0-20
2646,56,41-60
2647,2,0-20
2648,35,21-40
2649,64,61-80
2650,15,0-20
2651,24,21-40
2652,1,0-20
2653,70,61-80
2654,1,0-20
2655,4,0-20
2656,39,21-40
2657,29,21-40
2658,14,0-20
2659,61,61-80
2660,13,0-20
2661,66,61-80
2662,2,0-20
2663,59,41-60
2664,62,61-80
2665,33,21-40
2666,66,61-80
2667,72,61-80
2668,1,0-20
2669,19,0-20
2670,51,41-60
2671,63,61-80
2672,27,21-40
2673,22,21-40
2674,4,0-20
2675,42,41-60
2676,29,21-40
2677,4,0-20
2678,30,21-40
2679,4,0-20
2680,71,61-80
2681,46,41-60
2682,4,0-20
2683,7,0-20
2684,69,61-80
2685,72,61-80
2686,19,0-20
2687,28,21-40
2688,5,0-20
2689,72,61-80
2690,8,0-20
2691,7,0-20
2692,22,21-40
2693,72,61-80
2694,8,0-20
2695,52,41-60
2696,68,61-80
2697,71,61-80
2698,2,0-20
2699,34,21-40
2700,35,21-40
2701,61,61-80
2702,1,0-20
2703,1,0-20
2704,53,41-60
2705,72,61-80
2706,2,0-20
2707,3,0-20
2708,13,0-20
2709,41,41-60
2710,24,21-40
2711,28,21-40
2712,8,0-20
2713,1,0-20
2714,54,41-60
2715,41,41-60
2716,19,0-20
2717,72,61-80
2718,62,61-80
2719,56,41-60
2720,15,0-20
2721,10,0-20
2722,32,21-40
2723,21,21-40
2724,62,61-80
2725,2,0-20
2726,27,21-40
2727,5,0-20
2728,25,21-40
2729,2,0-20
2730,49,41-60
2731,63,61-80
2732,4,0-20
2733,1,0-20
2734,11,0-20
2735,52,41-60
2736,60,41-60
2737,64,61-80
2738,43,41-60
2739,61,61-80
2740,1,0-20
2741,5,0-20
2742,66,61-80
2743,67,61-80
2744,42,41-60
2745,1,0-20
2746,31,21-40
2747,7,0-20
2748,4,0-20
2749,34,21-40
2750,3,0-20
2751,19,0-20
2752,31,21-40
2753,1,0-20
2754,3,0-20
2755,46,41-60
2756,1,0-20
2757,69,61-80
2758,5,0-20
2759,1,0-20
2760,26,21-40
2761,10,0-20
2762,25,21-40
2763,64,61-80
2764,30,21-40
2765,13,0-20
2766,64,61-80
2767,46,41-60
2768,12,0-20
2769,15,0-20
2770,17,0-20
2771,13,0-20
2772,67,61-80
2773,24,21-40
2774,6,0-20
2775,53,41-60
2776,16,0-20
2777,10,0-20
2778,13,0-20
2779,9,0-20
2780,25,21-40
2781,7,0-20
2782,38,21-40
2783,43,41-60
2784,4,0-20
2785,25,21-40
2786,27,21-40
2787,72,61-80
2788,71,61-80
2789,24,21-40
2790,50,41-60
2791,57,41-60
2792,15,0-20
2793,4,0-20
2794,28,21-40
2795,9,0-20
2796,55,41-60
2797,3,0-20
2798,10,0-20
2799,55,41-60
2800,20,0-20
2801,62,61-80
2802,32,21-40
2803,43,41-60
2804,9,0-20
2805,60,41-60
2806,58,41-60
2807,7,0-20
2808,2,0-20
2809,37,21-40
2810,65,61-80
2811,39,21-40
2812,66,61-80
2813,68,61-80
2814,62,61-80
2815,3,0-20
2816,72,61-80
2817,41,41-60
2818,29,21-40
2819,4,0-20
2820,53,41-60
2821,1,0-20
2822,41,41-60
2823,39,21-40
2824,63,61-80
2825,15,0-20
2826,13,0-20
2827,1,0-20
2828,1,0-20
2829,8,0-20
2830,60,41-60
2831,12,0-20
2832,40,21-40
2833,66,61-80
2834,42,41-60
2835,66,61-80
2836,49,41-60
2837,1,0-20
2838,41,41-60
2839,41,41-60
2840,23,21-40
2841,3,0-20
2842,4,0-20
2843,52,41-60
2844,4,0-20
2845,11,0-20
2846,2,0-20
2847,26,21-40
2848,24,21-40
2849,12,0-20
2850,60,41-60
2851,64,61-80
2852,66,61-80
2853,60,41-60
2854,17,0-20
2855,42,41-60
2856,1,0-20
2857,47,41-60
2858,10,0-20
2859,70,61-80
2860,67,61-80
2861,1,0-20
2862,7,0-20
2863,1,0-20
2864,4,0-20
2865,66,61-80
2866,12,0-20
2867,24,21-40
2868,26,21-40
2869,6,0-20
2870,57,41-60
2871,14,0-20
2872,42,41-60
2873,25,21-40
2874,64,61-80
2875,22,21-40
2876,19,0-20
2877,61,61-80
2878,22,21-40
2879,70,61-80
2880,12,0-20
2881,31,21-40
2882,11,0-20
2883,68,61-80
2884,72,61-80
2885,67,61-80
2886,60,41-60
2887,1,0-20
2888,1,0-20
2889,58,41-60
2890,47,41-60
2891,1,0-20
2892,1,0-20
2893,22,21-40
2894,48,41-60
2895,37,21-40
2896,13,0-20
2897,43,41-60
2898,6,0-20
2899,71,61-80
2900,1,0-20
2901,72,61-80
2902,6,0-20
2903,12,0-20
2904,25,21-40
2905,21,21-40
2906,6,0-20
2907,20,0-20
2908,18,0-20
2909,43,41-60
2910,35,21-40
2911,1,0-20
2912,32,21-40
2913,52,41-60
2914,32,21-40
2915,72,61-80
2916,51,41-60
2917,68,61-80
2918,8,0-20
2919,49,41-60
2920,72,61-80
2921,9,0-20
2922,28,21-40
2923,54,41-60
2924,11,0-20
2925,50,41-60
2926,69,61-80
2927,1,0-20
2928,68,61-80
2929,40,21-40
2930,31,21-40
2931,33,21-40
2932,55,41-60
2933,68,61-80
2934,12,0-20
2935,71,61-80
2936,40,21-40
2937,64,61-80
2938,53,41-60
2939,12,0-20
2940,53,41-60
2941,72,61-80
2942,46,41-60
2943,40,21-40
2944,12,0-20
2945,9,0-20
2946,51,41-60
2947,49,41-60
2948,41,41-60
2949,56,41-60
2950,4,0-20
2951,20,0-20
2952,26,21-40
2953,20,0-20
2954,7,0-20
2955,7,0-20
2956,51,41-60
2957,4,0-20
2958,1,0-20
2959,27,21-40
2960,22,21-40
2961,12,0-20
2962,3,0-20
2963,34,21-40
2964,24,21-40
2965,51,41-60
2966,14,0-20
2967,59,41-60
2968,3,0-20
2969,65,61-80
2970,5,0-20
2971,59,41-60
2972,72,61-80
2973,62,61-80
2974,28,21-40
2975,3,0-20
2976,19,0-20
2977,1,0-20
2978,24,21-40
2979,57,41-60
2980,72,61-80
2981,67,61-80
2982,52,41-60
2983,71,61-80
2984,26,21-40
2985,35,21-40
2986,55,41-60
2987,33,21-40
2988,72,61-80
2989,1,0-20
2990,10,0-20
2991,37,21-40
2992,12,0-20
2993,1,0-20
2994,62,61-80
2995,1,0-20
2996,18,0-20
2997,69,61-80
2998,2,0-20
2999,19,0-20
3000,12,0-20
3001,9,0-20
3002,27,21-40
3003,27,21-40
3004,1,0-20
3005,24,21-40
3006,14,0-20
3007,32,21-40
3008,11,0-20
3009,1,0-20
3010,38,21-40
3011,9,0-20
3012,54,41-60
3013,29,21-40
3014,44,41-60
3015,59,41-60
3016,3,0-20
3017,18,0-20
3018,67,61-80
3019,22,21-40
3020,33,21-40
3021,5,0-20
3022,2,0-20
3023,72,61-80
3024,9,0-20
3025,67,61-80
3026,16,0-20
3027,8,0-20
3028,5,0-20
3029,23,21-40
3030,1,0-20
3031,50,41-60
3032,17,0-20
3033,68,61-80
3034,1,0-20
3035,25,21-40
3036,67,61-80
3037,32,21-40
3038,67,61-80
3039,72,61-80
3040,71,61-80
3041,1,0-20
3042,46,41-60
3043,2,0-20
3044,1,0-20
3045,48,41-60
3046,61,61-80
3047,32,21-40
3048,2,0-20
3049,3,0-20
3050,5,0-20
3051,71,61-80
3052,37,21-40
3053,65,61-80
3054,67,61-80
3055,49,41-60
3056,50,41-60
3057,25,21-40
3058,17,0-20
3059,64,61-80
3060,25,21-40
3061,23,21-40
3062,24,21-40
3063,37,21-40
3064,21,21-40
3065,1,0-20
3066,10,0-20
3067,6,0-20
3068,51,41-60
3069,10,0-20
3070,6,0-20
3071,47,41-60
3072,61,61-80
3073,52,41-60
3074,35,21-40
3075,71,61-80
3076,6,0-20
3077,45,41-60
3078,2,0-20
3079,4,0-20
3080,2,0-20
3081,4,0-20
3082,51,41-60
3083,60,41-60
3084,9,0-20
3085,3,0-20
3086,17,0-20
3087,8,0-20
3088,46,41-60
3089,68,61-80
3090,1,0-20
3091,4,0-20
3092,1,0-20
3093,28,21-40
3094,39,21-40
3095,11,0-20
3096,71,61-80
3097,2,0-20
3098,30,21-40
3099,17,0-20
3100,55,41-60
3101,58,41-60
3102,5,0-20
3103,1,0-20
3104,9,0-20
3105,26,21-40
3106,50,41-60
3107,72,61-80
3108,43,41-60
3109,56,41-60
3110,1,0-20
3111,72,61-80
3112,72,61-80
3113,36,21-40
3114,5,0-20
3115,13,0-20
3116,44,41-60
3117,70,61-80
3118,44,41-60
3119,32,21-40
3120,69,61-80
3121,16,0-20
3122,68,61-80
3123,16,0-20
3124,68,61-80
3125,4,0-20
3126,26,21-40
3127,29,21-40
3128,5,0-20
3129,70,61-80
3130,24,21-40
3131,72,61-80
3132,1,0-20
3133,70,61-80
3134,36,21-40
3135,38,21-40
3136,17,0-20
3137,41,41-60
3138,1,0-20
3139,2,0-20
3140,14,0-20
3141,2,0-20
3142,1,0-20
3143,13,0-20
3144,6,0-20
3145,4,0-20
3146,5,0-20
3147,15,0-20
3148,47,41-60
3149,8,0-20
3150,17,0-20
3151,15,0-20
3152,26,21-40
3153,23,21-40
3154,4,0-20
3155,29,21-40
3156,25,21-40
3157,9,0-20
3158,18,0-20
3159,3,0-20
3160,69,61-80
3161,14,0-20
3162,19,0-20
3163,39,21-40
3164,31,21-40
3165,24,21-40
3166,14,0-20
3167,64,61-80
3168,50,41-60
3169,52,41-60
3170,28,21-40
3171,21,21-40
3172,25,21-40
3173,17,0-20
3174,58,41-60
3175,17,0-20
3176,51,41-60
3177,72,61-80
3178,52,41-60
3179,27,21-40
3180,3,0-20
3181,64,61-80
3182,45,41-60
3183,3,0-20
3184,71,61-80
3185,1,0-20
3186,58,41-60
3187,34,21-40
3188,8,0-20
3189,15,0-20
3190,66,61-80
3191,12,0-20
3192,58,41-60
3193,3,0-20
3194,43,41-60
3195,9,0-20
3196,3,0-20
3197,22,21-40
3198,40,21-40
3199,68,61-80
3200,54,41-60
3201,50,41-60
3202,1,0-20
3203,72,61-80
3204,40,21-40
3205,72,61-80
3206,6,0-20
3207,5,0-20
3208,48,41-60
3209,1,0-20
3210,64,61-80
3211,17,0-20
3212,40,21-40
3213,41,41-60
3214,51,41-60
3215,41,41-60
3216,1,0-20
3217,2,0-20
3218,68,61-80
3219,24,21-40
3220,70,61-80
3221,3,0-20
3222,2,0-20
3223,3,0-20
3224,7,0-20
3225,13,0-20
3226,7,0-20
3227,12,0-20
3228,53,41-60
3229,12,0-20
3230,63,61-80
3231,15,0-20
3232,36,21-40
3233,4,0-20
3234,24,21-40
3235,61,61-80
3236,16,0-20
3237,65,61-80
3238,26,21-40
3239,16,0-20
3240,54,41-60
3241,1,0-20
3242,5,0-20
3243,19,0-20
3244,10,0-20
3245,23,21-40
3246,3,0-20
3247,72,61-80
3248,10,0-20
3249,10,0-20
3250,11,0-20
3251,37,21-40
3252,17,0-20
3253,36,21-40
3254,17,0-20
3255,66,61-80
3256,61,61-80
3257,22,21-40
3258,1,0-20
3259,6,0-20
3260,31,21-40
3261,68,61-80
3262,34,21-40
3263,52,41-60
3264,10,0-20
3265,29,21-40
3266,72,61-80
3267,47,41-60
3268,24,21-40
3269,65,61-80
3270,4,0-20
3271,12,0-20
3272,1,0-20
3273,33,21-40
3274,34,21-40
3275,14,0-20
3276,4,0-20
3277,13,0-20
3278,65,61-80
3279,23,21-40
3280,55,41-60
3281,49,41-60
3282,60,41-60
3283,69,61-80
3284,40,21-40
3285,67,61-80
3286,35,21-40
3287,19,0-20
3288,13,0-20
3289,41,41-60
3290,4,0-20
3291,24,21-40
3292,5,0-20
3293,5,0-20
3294,1,0-20
3295,72,61-80
3296,24,21-40
3297,42,41-60
3298,4,0-20
3299,68,61-80
3300,33,21-40
3301,1,0-20
3302,31,21-40
3303,4,0-20
3304,69,61-80
3305,38,21-40
3306,3,0-20
3307,48,41-60
3308,15,0-20
3309,25,21-40
3310,1,0-20
3311,48,41-60
3312,1,0-20
3313,1,0-20
3314,37,21-40
3315,66,61-80
3316,26,21-40
3317,63,61-80
3318,10,0-20
3319,2,0-20
3320,18,0-20
3321,64,61-80
3322,9,0-20
3323,28,21-40
3324,1,0-20
3325,4,0-20
3326,38,21-40
3327,66,61-80
3328,1,0-20
3329,18,0-20
3330,51,41-60
3331,0,0-20
3332,1,0-20
3333,12,0-20
3334,41,41-60
3335,12,0-20
3336,55,41-60
3337,7,0-20
3338,12,0-20
3339,68,61-80
3340,5,0-20
3341,49,41-60
3342,40,21-40
3343,16,0-20
3344,10,0-20
3345,72,61-80
3346,2,0-20
3347,23,21-40
3348,71,61-80
3349,11,0-20
3350,1,0-20
3351,16,0-20
3352,1,0-20
3353,12,0-20
3354,54,41-60
3355,68,61-80
3356,4,0-20
3357,1,0-20
3358,27,21-40
3359,21,21-40
3360,13,0-20
3361,64,61-80
3362,1,0-20
3363,57,41-60
3364,21,21-40
3365,19,0-20
3366,31,21-40
3367,52,41-60
3368,46,41-60
3369,11,0-20
3370,53,41-60
3371,11,0-20
3372,57,41-60
3373,2,0-20
3374,2,0-20
3375,71,61-80
3376,1,0-20
3377,68,61-80
3378,72,61-80
3379,2,0-20
3380,1,0-20
3381,41,41-60
3382,72,61-80
3383,6,0-20
3384,4,0-20
3385,12,0-20
3386,58,41-60
3387,7,0-20
3388,65,61-80
3389,1,0-20
3390,56,41-60
3391,4,0-20
3392,58,41-60
3393,62,61-80
3394,26,21-40
3395,62,61-80
3396,58,41-60
3397,68,61-80
3398,61,61-80
3399,42,41-60
3400,18,0-20
3401,56,41-60
3402,4,0-20
3403,4,0-20
3404,35,21-40
3405,64,61-80
3406,31,21-40
3407,67,61-80
3408,4,0-20
3409,70,61-80
3410,3,0-20
3411,53,41-60
3412,2,0-20
3413,29,21-40
3414,47,41-60
3415,68,61-80
3416,12,0-20
3417,8,0-20
3418,54,41-60
3419,69,61-80
3420,26,21-40
3421,72,61-80
3422,70,61-80
3423,1,0-20
3424,10,0-20
3425,28,21-40
3426,1,0-20
3427,21,21-40
3428,51,41-60
3429,53,41-60
3430,53,41-60
3431,24,21-40
3432,70,61-80
3433,61,61-80
3434,11,0-20
3435,2,0-20
3436,25,21-40
3437,41,41-60
3438,18,0-20
3439,72,61-80
3440,71,61-80
3441,34,21-40
3442,29,21-40
3443,40,21-40
3444,36,21-40
3445,46,41-60
3446,58,41-60
3447,39,21-40
3448,4,0-20
3449,52,41-60
3450,70,61-80
3451,65,61-80
3452,1,0-20
3453,70,61-80
3454,29,21-40
3455,1,0-20
3456,67,61-80
3457,1,0-20
3458,26,21-40
3459,30,21-40
3460,48,41-60
3461,55,41-60
3462,7,0-20
3463,37,21-40
3464,31,21-40
3465,4,0-20
3466,72,61-80
3467,5,0-20
3468,1,0-20
3469,15,0-20
3470,8,0-20
3471,35,21-40
3472,56,41-60
3473,42,41-60
3474,65,61-80
3475,2,0-20
3476,65,61-80
3477,18,0-20
3478,23,21-40
3479,4,0-20
3480,70,61-80
3481,4,0-20
3482,19,0-20
3483,18,0-20
3484,38,21-40
3485,2,0-20
3486,47,41-60
3487,52,41-60
3488,9,0-20
3489,26,21-40
3490,8,0-20
3491,44,41-60
3492,3,0-20
3493,2,0-20
3494,9,0-20
3495,1,0-20
3496,25,21-40
3497,2,0-20
3498,43,41-60
3499,1,0-20
3500,58,41-60
3501,59,41-60
3502,44,41-60
3503,66,61-80
3504,68,61-80
3505,9,0-20
3506,19,0-20
3507,4,0-20
3508,70,61-80
3509,1,0-20
3510,8,0-20
3511,53,41-60
3512,51,41-60
3513,11,0-20
3514,60,41-60
3515,17,0-20
3516,3,0-20
3517,70,61-80
3518,1,0-20
3519,43,41-60
3520,16,0-20
3521,57,41-60
3522,37,21-40
3523,72,61-80
3524,11,0-20
3525,50,41-60
3526,5,0-20
3527,1,0-20
3528,16,0-20
3529,2,0-20
3530,17,0-20
3531,16,0-20
3532,15,0-20
3533,10,0-20
3534,46,41-60
3535,64,61-80
3536,1,0-20
3537,25,21-40
3538,71,61-80
3539,8,0-20
3540,72,61-80
3541,49,41-60
3542,29,21-40
3543,72,61-80
3544,31,21-40
3545,50,41-60
3546,71,61-80
3547,70,61-80
3548,71,61-80
3549,61,61-80
3550,32,21-40
3551,1,0-20
3552,68,61-80
3553,62,61-80
3554,7,0-20
3555,20,0-20
3556,6,0-20
3557,33,21-40
3558,28,21-40
3559,27,21-40
3560,7,0-20
3561,26,21-40
3562,5,0-20
3563,30,21-40
3564,63,61-80
3565,1,0-20
3566,53,41-60
3567,14,0-20
3568,21,21-40
3569,17,0-20
3570,16,0-20
3571,35,21-40
3572,32,21-40
3573,28,21-40
3574,1,0-20
3575,59,41-60
3576,72,61-80
3577,36,21-40
3578,40,21-40
3579,40,21-40
3580,9,0-20
3581,63,61-80
3582,3,0-20
3583,40,21-40
3584,8,0-20
3585,34,21-40
3586,5,0-20
3587,9,0-20
3588,9,0-20
3589,31,21-40
3590,50,41-60
3591,2,0-20
3592,1,0-20
3593,8,0-20
3594,9,0-20
3595,2,0-20
3596,3,0-20
3597,25,21-40
3598,1,0-20
3599,45,41-60
3600,51,41-60
3601,55,41-60
3602,38,21-40
3603,2,0-20
3604,38,21-40
3605,34,21-40
3606,70,61-80
3607,13,0-20
3608,39,21-40
3609,61,61-80
3610,12,0-20
3611,41,41-60
3612,21,21-40
3613,55,41-60
3614,69,61-80
3615,26,21-40
3616,69,61-80
3617,18,0-20
3618,47,41-60
3619,72,61-80
3620,33,21-40
3621,2,0-20
3622,72,61-80
3623,37,21-40
3624,62,61-80
3625,71,61-80
3626,23,21-40
3627,16,0-20
3628,9,0-20
3629,17,0-20
3630,4,0-20
3631,1,0-20
3632,24,21-40
3633,1,0-20
3634,72,61-80
3635,72,61-80
3636,11,0-20
3637,9,0-20
3638,2,0-20
3639,60,41-60
3640,29,21-40
3641,49,41-60
3642,30,21-40
3643,53,41-60
3644,39,21-40
3645,9,0-20
3646,39,21-40
3647,8,0-20
3648,51,41-60
3649,71,61-80
3650,71,61-80
3651,70,61-80
3652,1,0-20
3653,38,21-40
3654,28,21-40
3655,32,21-40
3656,49,41-60
3657,37,21-40
3658,10,0-20
3659,67,61-80
3660,7,0-20
3661,51,41-60
3662,9,0-20
3663,9,0-20
3664,4,0-20
3665,71,61-80
3666,50,41-60
3667,24,21-40
3668,22,21-40
3669,44,41-60
3670,33,21-40
3671,1,0-20
3672,54,41-60
3673,42,41-60
3674,1,0-20
3675,1,0-20
3676,30,21-40
3677,1,0-20
3678,16,0-20
3679,1,0-20
3680,9,0-20
3681,46,41-60
3682,1,0-20
3683,71,61-80
3684,43,41-60
3685,50,41-60
3686,13,0-20
3687,19,0-20
3688,41,41-60
3689,1,0-20
3690,24,21-40
3691,40,21-40
3692,3,0-20
3693,37,21-40
3694,67,61-80
3695,32,21-40
3696,6,0-20
3697,32,21-40
3698,59,41-60
3699,30,21-40
3700,20,0-20
3701,27,21-40
3702,20,0-20
3703,9,0-20
3704,68,61-80
3705,69,61-80
3706,26,21-40
3707,69,61-80
3708,11,0-20
3709,1,0-20
3710,10,0-20
3711,55,41-60
3712,44,41-60
3713,46,41-60
3714,69,61-80
3715,11,0-20
3716,11,0-20
3717,29,21-40
3718,57,41-60
3719,28,21-40
3720,42,41-60
3721,2,0-20
3722,23,21-40
3723,18,0-20
3724,62,61-80
3725,1,0-20
3726,16,0-20
3727,3,0-20
3728,67,61-80
3729,62,61-80
3730,57,41-60
3731,2,0-20
3732,23,21-40
3733,25,21-40
3734,72,61-80
3735,2,0-20
3736,8,0-20
3737,5,0-20
3738,35,21-40
3739,24,21-40
3740,2,0-20
3741,72,61-80
3742,41,41-60
3743,4,0-20
3744,26,21-40
3745,7,0-20
3746,1,0-20
3747,4,0-20
3748,48,41-60
3749,2,0-20
3750,12,0-20
3751,60,41-60
3752,55,41-60
3753,1,0-20
3754,1,0-20
3755,4,0-20
3756,1,0-20
3757,42,41-60
3758,1,0-20
3759,7,0-20
3760,3,0-20
3761,72,61-80
3762,15,0-20
3763,4,0-20
3764,11,0-20
3765,5,0-20
3766,1,0-20
3767,72,61-80
3768,55,41-60
3769,40,21-40
3770,57,41-60
3771,1,0-20
3772,1,0-20
3773,1,0-20
3774,52,41-60
3775,41,41-60
3776,43,41-60
3777,47,41-60
3778,3,0-20
3779,66,61-80
3780,55,41-60
3781,29,21-40
3782,12,0-20
3783,66,61-80
3784,35,21-40
3785,10,0-20
3786,27,21-40
3787,58,41-60
3788,54,41-60
3789,9,0-20
3790,2,0-20
3791,6,0-20
3792,26,21-40
3793,9,0-20
3794,8,0-20
3795,12,0-20
3796,15,0-20
3797,43,41-60
3798,42,41-60
3799,31,21-40
3800,66,61-80
3801,18,0-20
3802,1,0-20
3803,61,61-80
3804,10,0-20
3805,1,0-20
3806,18,0-20
3807,24,21-40
3808,3,0-20
3809,50,41-60
3810,1,0-20
3811,2,0-20
3812,17,0-20
3813,69,61-80
3814,72,61-80
3815,3,0-20
3816,50,41-60
3817,53,41-60
3818,58,41-60
3819,46,41-60
3820,72,61-80
3821,1,0-20
3822,6,0-20
3823,72,61-80
3824,4,0-20
3825,52,41-60
3826,0,0-20
3827,2,0-20
3828,65,61-80
3829,43,41-60
3830,4,0-20
3831,25,21-40
3832,51,41-60
3833,12,0-20
3834,57,41-60
3835,24,21-40
3836,64,61-80
3837,4,0-20
3838,26,21-40
3839,15,0-20
3840,64,61-80
3841,36,21-40
3842,27,21-40
3843,1,0-20
3844,35,21-40
3845,4,0-20
3846,8,0-20
3847,10,0-20
3848,2,0-20
3849,58,41-60
3850,51,41-60
3851,46,41-60
3852,1,0-20
3853,46,41-60
3854,50,41-60
3855,53,41-60
3856,61,61-80
3857,5,0-20
3858,47,41-60
3859,54,41-60
3860,19,0-20
3861,26,21-40
3862,70,61-80
3863,17,0-20
3864,30,21-40
3865,1,0-20
3866,19,0-20
3867,26,21-40
3868,21,21-40
3869,50,41-60
3870,68,61-80
3871,3,0-20
3872,9,0-20
3873,51,41-60
3874,9,0-20
3875,41,41-60
3876,22,21-40
3877,21,21-40
3878,71,61-80
3879,1,0-20
3880,26,21-40
3881,71,61-80
3882,4,0-20
3883,12,0-20
3884,18,0-20
3885,3,0-20
3886,72,61-80
3887,11,0-20
3888,1,0-20
3889,13,0-20
3890,72,61-80
3891,42,41-60
3892,17,0-20
3893,7,0-20
3894,68,61-80
3895,56,41-60
3896,38,21-40
3897,72,61-80
3898,48,41-60
3899,52,41-60
3900,35,21-40
3901,67,61-80
3902,1,0-20
3903,53,41-60
3904,34,21-40
3905,3,0-20
3906,1,0-20
3907,19,0-20
3908,60,41-60
3909,11,0-20
3910,47,41-60
3911,18,0-20
3912,60,41-60
3913,72,61-80
3914,39,21-40
3915,59,41-60
3916,2,0-20
3917,1,0-20
3918,20,0-20
3919,6,0-20
3920,71,61-80
3921,24,21-40
3922,67,61-80
3923,1,0-20
3924,48,41-60
3925,37,21-40
3926,11,0-20
3927,3,0-20
3928,18,0-20
3929,50,41-60
3930,67,61-80
3931,25,21-40
3932,2,0-20
3933,9,0-20
3934,10,0-20
3935,70,61-80
3936,9,0-20
3937,4,0-20
3938,2,0-20
3939,1,0-20
3940,19,0-20
3941,7,0-20
3942,1,0-20
3943,1,0-20
3944,9,0-20
3945,3,0-20
3946,9,0-20
3947,5,0-20
3948,56,41-60
3949,18,0-20
3950,49,41-60
3951,70,61-80
3952,72,61-80
3953,6,0-20
3954,17,0-20
3955,29,21-40
3956,6,0-20
3957,63,61-80
3958,16,0-20
3959,59,41-60
3960,3,0-20
3961,8,0-20
3962,7,0-20
3963,68,61-80
3964,68,61-80
3965,52,41-60
3966,72,61-80
3967,32,21-40
3968,72,61-80
3969,1,0-20
3970,42,41-60
3971,25,21-40
3972,45,41-60
3973,43,41-60
3974,37,21-40
3975,20,0-20
3976,4,0-20
3977,63,61-80
3978,3,0-20
3979,66,61-80
3980,28,21-40
3981,8,0-20
3982,71,61-80
3983,1,0-20
3984,72,61-80
3985,16,0-20
3986,66,61-80
3987,11,0-20
3988,51,41-60
3989,8,0-20
3990,14,0-20
3991,4,0-20
3992,70,61-80
3993,70,61-80
3994,54,41-60
3995,28,21-40
3996,24,21-40
3997,69,61-80
3998,42,41-60
3999,2,0-20
4000,39,21-40
4001,45,41-60
4002,72,61-80
4003,38,21-40
4004,72,61-80
4005,1,0-20
4006,72,61-80
4007,55,41-60
4008,51,41-60
4009,63,61-80
4010,1,0-20
4011,23,21-40
4012,1,0-20
4013,2,0-20
4014,52,41-60
4015,36,21-40
4016,1,0-20
4017,28,21-40
4018,7,0-20
4019,14,0-20
4020,72,61-80
4021,1,0-20
4022,10,0-20
4023,42,41-60
4024,7,0-20
4025,4,0-20
4026,72,61-80
4027,20,0-20
4028,63,61-80
4029,56,41-60
4030,5,0-20
4031,72,61-80
4032,68,61-80
4033,67,61-80
4034,8,0-20
4035,52,41-60
4036,18,0-20
4037,59,41-60
4038,60,41-60
4039,7,0-20
4040,59,41-60
4041,46,41-60
4042,5,0-20
4043,59,41-60
4044,70,61-80
4045,14,0-20
4046,44,41-60
4047,64,61-80
4048,58,41-60
4049,46,41-60
4050,58,41-60
4051,72,61-80
4052,30,21-40
4053,11,0-20
4054,34,21-40
4055,54,41-60
4056,3,0-20
4057,72,61-80
4058,40,21-40
4059,2,0-20
4060,54,41-60
4061,14,0-20
4062,1,0-20
4063,10,0-20
4064,1,0-20
4065,1,0-20
4066,56,41-60
4067,68,61-80
4068,14,0-20
4069,68,61-80
4070,55,41-60
4071,16,0-20
4072,9,0-20
4073,14,0-20
4074,58,41-60
4075,53,41-60
4076,70,61-80
4077,14,0-20
4078,22,21-40
4079,10,0-20
4080,29,21-40
4081,1,0-20
4082,49,41-60
4083,68,61-80
4084,1,0-20
4085,30,21-40
4086,72,61-80
4087,10,0-20
4088,7,0-20
4089,9,0-20
4090,1,0-20
4091,20,0-20
4092,1,0-20
4093,29,21-40
4094,1,0-20
4095,3,0-20
4096,20,0-20
4097,64,61-80
4098,1,0-20
4099,6,0-20
4100,50,41-60
4101,6,0-20
4102,7,0-20
4103,72,61-80
4104,8,0-20
4105,67,61-80
4106,24,21-40
4107,72,61-80
4108,33,21-40
4109,2,0-20
4110,70,61-80
4111,22,21-40
4112,59,41-60
4113,36,21-40
4114,51,41-60
4115,53,41-60
4116,20,0-20
4117,63,61-80
4118,40,21-40
4119,35,21-40
4120,26,21-40
4121,27,21-40
4122,53,41-60
4123,34,21-40
4124,19,0-20
4125,43,41-60
4126,6,0-20
4127,56,41-60
4128,57,41-60
4129,34,21-40
4130,10,0-20
4131,1,0-20
4132,13,0-20
4133,56,41-60
4134,55,41-60
4135,36,21-40
4136,47,41-60
4137,12,0-20
4138,1,0-20
4139,24,21-40
4140,63,61-80
4141,35,21-40
4142,67,61-80
4143,25,21-40
4144,21,21-40
4145,13,0-20
4146,35,21-40
4147,71,61-80
4148,29,21-40
4149,71,61-80
4150,7,0-20
4151,57,41-60
4152,65,61-80
4153,27,21-40
4154,6,0-20
4155,72,61-80
4156,1,0-20
4157,11,0-20
4158,39,21-40
4159,59,41-60
4160,26,21-40
4161,2,0-20
4162,72,61-80
4163,65,61-80
4164,72,61-80
4165,6,0-20
4166,32,21-40
4167,50,41-60
4168,61,61-80
4169,15,0-20
4170,72,61-80
4171,9,0-20
4172,1,0-20
4173,12,0-20
4174,37,21-40
4175,61,61-80
4176,18,0-20
4177,21,21-40
4178,68,61-80
4179,12,0-20
4180,2,0-20
4181,62,61-80
4182,29,21-40
4183,1,0-20
4184,5,0-20
4185,1,0-20
4186,62,61-80
4187,36,21-40
4188,28,21-40
4189,69,61-80
4190,11,0-20
4191,63,61-80
4192,23,21-40
4193,10,0-20
4194,71,61-80
4195,45,41-60
4196,70,61-80
4197,22,21-40
4198,52,41-60
4199,55,41-60
4200,65,61-80
4201,72,61-80
4202,10,0-20
4203,7,0-20
4204,5,0-20
4205,24,21-40
4206,72,61-80
4207,21,21-40
4208,69,61-80
4209,44,41-60
4210,61,61-80
4211,24,21-40
4212,1,0-20
4213,6,0-20
4214,4,0-20
4215,72,61-80
4216,72,61-80
4217,14,0-20
4218,7,0-20
4219,48,41-60
4220,55,41-60
4221,1,0-20
4222,45,41-60
4223,3,0-20
4224,71,61-80
4225,8,0-20
4226,3,0-20
4227,69,61-80
4228,1,0-20
4229,72,61-80
4230,11,0-20
4231,71,61-80
4232,1,0-20
4233,33,21-40
4234,16,0-20
4235,56,41-60
4236,1,0-20
4237,5,0-20
4238,57,41-60
4239,56,41-60
4240,8,0-20
4241,22,21-40
4242,1,0-20
4243,40,21-40
4244,46,41-60
4245,63,61-80
4246,68,61-80
4247,69,61-80
4248,56,41-60
4249,10,0-20
4250,63,61-80
4251,24,21-40
4252,19,0-20
4253,22,21-40
4254,29,21-40
4255,13,0-20
4256,70,61-80
4257,49,41-60
4258,43,41-60
4259,3,0-20
4260,42,41-60
4261,57,41-60
4262,2,0-20
4263,72,61-80
4264,46,41-60
4265,66,61-80
4266,62,61-80
4267,72,61-80
4268,35,21-40
4269,17,0-20
4270,72,61-80
4271,28,21-40
4272,56,41-60
4273,31,21-40
4274,45,41-60
4275,1,0-20
4276,2,0-20
4277,6,0-20
4278,48,41-60
4279,25,21-40
4280,64,61-80
4281,50,41-60
4282,52,41-60
4283,4,0-20
4284,32,21-40
4285,45,41-60
4286,9,0-20
4287,66,61-80
4288,3,0-20
4289,54,41-60
4290,1,0-20
4291,64,61-80
4292,31,21-40
4293,14,0-20
4294,12,0-20
4295,67,61-80
4296,35,21-40
4297,45,41-60
4298,10,0-20
4299,29,21-40
4300,24,21-40
4301,66,61-80
4302,51,41-60
4303,45,41-60
4304,49,41-60
4305,29,21-40
4306,40,21-40
4307,37,21-40
4308,25,21-40
4309,22,21-40
4310,72,61-80
4311,7,0-20
4312,33,21-40
4313,23,21-40
4314,24,21-40
4315,1,0-20
4316,69,61-80
4317,3,0-20
4318,56,41-60
4319,65,61-80
4320,71,61-80
4321,14,0-20
4322,2,0-20
4323,32,21-40
4324,40,21-40
4325,1,0-20
4326,1,0-20
4327,7,0-20
4328,15,0-20
4329,17,0-20
4330,19,0-20
4331,71,61-80
4332,54,41-60
4333,31,21-40
4334,11,0-20
4335,18,0-20
4336,72,61-80
4337,71,61-80
4338,5,0-20
4339,38,21-40
4340,5,0-20
4341,2,0-20
4342,52,41-60
4343,8,0-20
4344,68,61-80
4345,69,61-80
4346,42,41-60
4347,50,41-60
4348,1,0-20
4349,1,0-20
4350,33,21-40
4351,7,0-20
4352,64,61-80
4353,1,0-20
4354,59,41-60
4355,6,0-20
4356,3,0-20
4357,15,0-20
4358,13,0-20
4359,23,21-40
4360,31,21-40
4361,29,21-40
4362,49,41-60
4363,56,41-60
4364,63,61-80
4365,63,61-80
4366,24,21-40
4367,36,21-40
4368,9,0-20
4369,3,0-20
4370,21,21-40
4371,13,0-20
4372,1,0-20
4373,25,21-40
4374,71,61-80
4375,66,61-80
4376,45,41-60
4377,22,21-40
4378,67,61-80
4379,68,61-80
4380,0,0-20
4381,49,41-60
4382,4,0-20
4383,63,61-80
4384,2,0-20
4385,21,21-40
4386,55,41-60
4387,1,0-20
4388,17,0-20
4389,30,21-40
4390,22,21-40
4391,9,0-20
4392,1,0-20
4393,21,21-40
4394,19,0-20
4395,69,61-80
4396,1,0-20
4397,72,61-80
4398,70,61-80
4399,66,61-80
4400,7,0-20
4401,46,41-60
4402,39,21-40
4403,32,21-40
4404,24,21-40
4405,6,0-20
4406,37,21-40
4407,8,0-20
4408,72,61-80
4409,71,61-80
4410,16,0-20
4411,57,41-60
4412,66,61-80
4413,17,0-20
4414,21,21-40
4415,66,61-80
4416,17,0-20
4417,1,0-20
4418,58,41-60
4419,8,0-20
4420,27,21-40
4421,34,21-40
4422,30,21-40
4423,33,21-40
4424,1,0-20
4425,14,0-20
4426,16,0-20
4427,49,41-60
4428,19,0-20
4429,70,61-80
4430,32,21-40
4431,18,0-20
4432,37,21-40
4433,4,0-20
4434,16,0-20
4435,17,0-20
4436,19,0-20
4437,60,41-60
4438,51,41-60
4439,28,21-40
4440,43,41-60
4441,42,41-60
4442,3,0-20
4443,1,0-20
4444,3,0-20
4445,63,61-80
4446,3,0-20
4447,68,61-80
4448,30,21-40
4449,60,41-60
4450,15,0-20
4451,45,41-60
4452,70,61-80
4453,10,0-20
4454,4,0-20
4455,1,0-20
4456,68,61-80
4457,22,21-40
4458,38,21-40
4459,1,0-20
4460,18,0-20
4461,29,21-40
4462,16,0-20
4463,1,0-20
4464,12,0-20
4465,31,21-40
4466,4,0-20
4467,48,41-60
4468,15,0-20
4469,50,41-60
4470,7,0-20
4471,41,41-60
4472,68,61-80
4473,26,21-40
4474,57,41-60
4475,3,0-20
4476,1,0-20
4477,19,0-20
4478,3,0-20
4479,59,41-60
4480,1,0-20
4481,42,41-60
4482,7,0-20
4483,67,61-80
4484,1,0-20
4485,66,61-80
4486,61,61-80
4487,4,0-20
4488,42,41-60
4489,64,61-80
4490,54,41-60
4491,1,0-20
4492,54,41-60
4493,18,0-20
4494,3,0-20
4495,1,0-20
4496,72,61-80
4497,60,41-60
4498,11,0-20
4499,12,0-20
4500,61,61-80
4501,39,21-40
4502,55,41-60
4503,17,0-20
4504,37,21-40
4505,72,61-80
4506,72,61-80
4507,8,0-20
4508,22,21-40
4509,1,0-20
4510,38,21-40
4511,17,0-20
4512,70,61-80
4513,72,61-80
4514,28,21-40
4515,15,0-20
4516,72,61-80
4517,11,0-20
4518,8,0-20
4519,57,41-60
4520,1,0-20
4521,46,41-60
4522,30,21-40
4523,10,0-20
4524,23,21-40
4525,32,21-40
4526,13,0-20
4527,39,21-40
4528,44,41-60
4529,9,0-20
4530,67,61-80
4531,9,0-20
4532,15,0-20
4533,71,61-80
4534,1,0-20
4535,30,21-40
4536,1,0-20
4537,17,0-20
4538,3,0-20
4539,67,61-80
4540,1,0-20
4541,1,0-20
4542,32,21-40
4543,41,41-60
4544,1,0-20
4545,1,0-20
4546,12,0-20
4547,62,61-80
4548,22,21-40
4549,17,0-20
4550,72,61-80
4551,56,41-60
4552,9,0-20
4553,72,61-80
4554,20,0-20
4555,19,0-20
4556,2,0-20
4557,53,41-60
4558,27,21-40
4559,6,0-20
4560,9,0-20
4561,8,0-20
4562,71,61-80
4563,10,0-20
4564,1,0-20
4565,71,61-80
4566,68,61-80
4567,34,21-40
4568,26,21-40
4569,22,21-40
4570,7,0-20
4571,20,0-20
4572,60,41-60
4573,72,61-80
4574,72,61-80
4575,4,0-20
4576,16,0-20
4577,62,61-80
4578,10,0-20
4579,31,21-40
4580,71,61-80
4581,58,41-60
4582,70,61-80
4583,71,61-80
4584,69,61-80
4585,1,0-20
4586,72,61-80
4587,26,21-40
4588,33,21-40
4589,10,0-20
4590,57,41-60
4591,10,0-20
4592,39,21-40
4593,11,0-20
4594,21,21-40
4595,68,61-80
4596,18,0-20
4597,6,0-20
4598,18,0-20
4599,52,41-60
4600,56,41-60
4601,45,41-60
4602,67,61-80
4603,3,0-20
4604,65,61-80
4605,63,61-80
4606,11,0-20
4607,1,0-20
4608,55,41-60
4609,25,21-40
4610,72,61-80
4611,72,61-80
4612,65,61-80
4613,54,41-60
4614,7,0-20
4615,72,61-80
4616,21,21-40
4617,2,0-20
4618,4,0-20
4619,3,0-20
4620,72,61-80
4621,6,0-20
4622,52,41-60
4623,69,61-80
4624,8,0-20
4625,8,0-20
4626,63,61-80
4627,60,41-60
4628,12,0-20
4629,13,0-20
4630,22,21-40
4631,5,0-20
4632,1,0-20
4633,72,61-80
4634,2,0-20
4635,40,21-40
4636,44,41-60
4637,71,61-80
4638,2,0-20
4639,26,21-40
4640,1,0-20
4641,1,0-20
4642,65,61-80
4643,3,0-20
4644,13,0-20
4645,33,21-40
4646,1,0-20
4647,4,0-20
4648,2,0-20
4649,72,61-80
4650,37,21-40
4651,15,0-20
4652,23,21-40
4653,30,21-40
4654,42,41-60
4655,32,21-40
4656,22,21-40
4657,42,41-60
4658,8,0-20
4659,65,61-80
4660,2,0-20
4661,70,61-80
4662,22,21-40
4663,4,0-20
4664,2,0-20
4665,67,61-80
4666,25,21-40
4667,20,0-20
4668,2,0-20
4669,51,41-60
4670,46,41-60
4671,25,21-40
4672,13,0-20
4673,25,21-40
4674,26,21-40
4675,43,41-60
4676,19,0-20
4677,10,0-20
4678,2,0-20
4679,72,61-80
4680,18,0-20
4681,9,0-20
4682,27,21-40
4683,24,21-40
4684,69,61-80
4685,46,41-60
4686,72,61-80
4687,22,21-40
4688,70,61-80
4689,2,0-20
4690,31,21-40
4691,56,41-60
4692,16,0-20
4693,52,41-60
4694,13,0-20
4695,35,21-40
4696,59,41-60
4697,72,61-80
4698,66,61-80
4699,49,41-60
4700,2,0-20
4701,21,21-40
4702,54,41-60
4703,24,21-40
4704,1,0-20
4705,6,0-20
4706,1,0-20
4707,49,41-60
4708,56,41-60
4709,56,41-60
4710,6,0-20
4711,32,21-40
4712,50,41-60
4713,58,41-60
4714,65,61-80
4715,64,61-80
4716,66,61-80
4717,38,21-40
4718,20,0-20
4719,36,21-40
4720,64,61-80
4721,1,0-20
4722,60,41-60
4723,1,0-20
4724,50,41-60
4725,1,0-20
4726,72,61-80
4727,60,41-60
4728,46,41-60
4729,69,61-80
4730,31,21-40
4731,19,0-20
4732,71,61-80
4733,12,0-20
4734,39,21-40
4735,44,41-60
4736,56,41-60
4737,72,61-80
4738,5,0-20
4739,11,0-20
4740,24,21-40
4741,15,0-20
4742,72,61-80
4743,56,41-60
4744,64,61-80
4745,34,21-40
4746,2,0-20
4747,35,21-40
4748,22,21-40
4749,5,0-20
4750,9,0-20
4751,11,0-20
4752,23,21-40
4753,4,0-20
4754,68,61-80
4755,33,21-40
4756,31,21-40
4757,1,0-20
4758,56,41-60
4759,1,0-20
4760,66,61-80
4761,72,61-80
4762,34,21-40
4763,58,41-60
4764,2,0-20
4765,37,21-40
4766,71,61-80
4767,1,0-20
4768,71,61-80
4769,35,21-40
4770,6,0-20
4771,3,0-20
4772,69,61-80
4773,44,41-60
4774,53,41-60
4775,24,21-40
4776,5,0-20
4777,2,0-20
4778,62,61-80
4779,19,0-20
4780,9,0-20
4781,53,41-60
4782,5,0-20
4783,71,61-80
4784,1,0-20
4785,18,0-20
4786,72,61-80
4787,4,0-20
4788,59,41-60
4789,1,0-20
4790,31,21-40
4791,3,0-20
4792,65,61-80
4793,49,41-60
4794,2,0-20
4795,53,41-60
4796,55,41-60
4797,72,61-80
4798,36,21-40
4799,10,0-20
4800,1,0-20
4801,72,61-80
4802,28,21-40
4803,38,21-40
4804,61,61-80
4805,52,41-60
4806,67,61-80
4807,34,21-40
4808,54,41-60
4809,1,0-20
4810,15,0-20
4811,4,0-20
4812,9,0-20
4813,46,41-60
4814,22,21-40
4815,38,21-40
4816,55,41-60
4817,1,0-20
4818,64,61-80
4819,53,41-60
4820,58,41-60
4821,56,41-60
4822,72,61-80
4823,1,0-20
4824,72,61-80
4825,22,21-40
4826,8,0-20
4827,16,0-20
4828,39,21-40
4829,12,0-20
4830,54,41-60
4831,18,0-20
4832,32,21-40
4833,41,41-60
4834,67,61-80
4835,65,61-80
4836,25,21-40
4837,1,0-20
4838,67,61-80
4839,7,0-20
4840,43,41-60
4841,24,21-40
4842,9,0-20
4843,69,61-80
4844,37,21-40
4845,20,0-20
4846,7,0-20
4847,37,21-40
4848,5,0-20
4849,41,41-60
4850,54,41-60
4851,3,0-20
4852,69,61-80
4853,53,41-60
4854,18,0-20
4855,64,61-80
4856,31,21-40
4857,20,0-20
4858,57,41-60
4859,63,61-80
4860,13,0-20
4861,48,41-60
4862,2,0-20
4863,57,41-60
4864,71,61-80
4865,7,0-20
4866,16,0-20
4867,34,21-40
4868,37,21-40
4869,16,0-20
4870,48,41-60
4871,58,41-60
4872,72,61-80
4873,7,0-20
4874,38,21-40
4875,48,41-60
4876,10,0-20
4877,30,21-40
4878,31,21-40
4879,46,41-60
4880,50,41-60
4881,28,21-40
4882,66,61-80
4883,8,0-20
4884,41,41-60
4885,72,61-80
4886,7,0-20
4887,38,21-40
4888,44,41-60
4889,47,41-60
4890,53,41-60
4891,4,0-20
4892,20,0-20
4893,2,0-20
4894,57,41-60
4895,44,41-60
4896,24,21-40
4897,15,0-20
4898,3,0-20
4899,4,0-20
4900,37,21-40
4901,1,0-20
4902,24,21-40
4903,5,0-20
4904,33,21-40
4905,58,41-60
4906,72,61-80
4907,71,61-80
4908,28,21-40
4909,51,41-60
4910,30,21-40
4911,72,61-80
4912,36,21-40
4913,14,0-20
4914,72,61-80
4915,22,21-40
4916,2,0-20
4917,15,0-20
4918,51,41-60
4919,70,61-80
4920,71,61-80
4921,39,21-40
4922,61,61-80
4923,52,41-60
4924,1,0-20
4925,64,61-80
4926,62,61-80
4927,30,21-40
4928,4,0-20
4929,63,61-80
4930,1,0-20
4931,15,0-20
4932,27,21-40
4933,4,0-20
4934,72,61-80
4935,45,41-60
4936,45,41-60
4937,36,21-40
4938,17,0-20
4939,1,0-20
4940,16,0-20
4941,3,0-20
4942,4,0-20
4943,71,61-80
4944,10,0-20
4945,20,0-20
4946,4,0-20
4947,26,21-40
4948,4,0-20
4949,5,0-20
4950,4,0-20
4951,29,21-40
4952,2,0-20
4953,29,21-40
4954,1,0-20
4955,1,0-20
4956,8,0-20
4957,13,0-20
4958,59,41-60
4959,1,0-20
4960,50,41-60
4961,18,0-20
4962,17,0-20
4963,47,41-60
4964,26,21-40
4965,6,0-20
4966,19,0-20
4967,3,0-20
4968,68,61-80
4969,2,0-20
4970,7,0-20
4971,18,0-20
4972,71,61-80
4973,13,0-20
4974,3,0-20
4975,72,61-80
4976,66,61-80
4977,24,21-40
4978,1,0-20
4979,56,41-60
4980,22,21-40
4981,14,0-20
4982,61,61-80
4983,40,21-40
4984,42,41-60
4985,72,61-80
4986,12,0-20
4987,71,61-80
4988,26,21-40
4989,7,0-20
4990,6,0-20
4991,58,41-60
4992,51,41-60
4993,72,61-80
4994,18,0-20
4995,7,0-20
4996,47,41-60
4997,2,0-20
4998,62,61-80
4999,16,0-20
5000,6,0-20
5001,19,0-20
5002,69,61-80
5003,11,0-20
5004,64,61-80
5005,39,21-40
5006,15,0-20
5007,25,21-40
5008,6,0-20
5009,66,61-80
5010,61,61-80
5011,43,41-60
5012,12,0-20
5013,23,21-40
5014,71,61-80
5015,34,21-40
5016,5,0-20
5017,41,41-60
5018,72,61-80
5019,14,0-20
5020,41,41-60
5021,23,21-40
5022,71,61-80
5023,1,0-20
5024,72,61-80
5025,6,0-20
5026,23,21-40
5027,10,0-20
5028,72,61-80
5029,7,0-20
5030,6,0-20
5031,9,0-20
5032,12,0-20
5033,1,0-20
5034,48,41-60
5035,20,0-20
5036,16,0-20
5037,2,0-20
5038,10,0-20
5039,2,0-20
5040,20,0-20
5041,20,0-20
5042,19,0-20
5043,19,0-20
5044,22,21-40
5045,35,21-40
5046,1,0-20
5047,39,21-40
5048,54,41-60
5049,1,0-20
5050,66,61-80
5051,56,41-60
5052,18,0-20
5053,16,0-20
5054,68,61-80
5055,53,41-60
5056,72,61-80
5057,9,0-20
5058,30,21-40
5059,36,21-40
5060,18,0-20
5061,55,41-60
5062,39,21-40
5063,21,21-40
5064,2,0-20
5065,33,21-40
5066,44,41-60
5067,30,21-40
5068,71,61-80
5069,4,0-20
5070,35,21-40
5071,1,0-20
5072,23,21-40
5073,22,21-40
5074,49,41-60
5075,42,41-60
5076,33,21-40
5077,7,0-20
5078,67,61-80
5079,15,0-20
5080,67,61-80
5081,53,41-60
5082,21,21-40
5083,40,21-40
5084,22,21-40
5085,39,21-40
5086,45,41-60
5087,2,0-20
5088,57,41-60
5089,8,0-20
5090,7,0-20
5091,6,0-20
5092,7,0-20
5093,49,41-60
5094,65,61-80
5095,55,41-60
5096,71,61-80
5097,35,21-40
5098,3,0-20
5099,11,0-20
5100,1,0-20
5101,17,0-20
5102,72,61-80
5103,28,21-40
5104,18,0-20
5105,40,21-40
5106,52,41-60
5107,47,41-60
5108,23,21-40
5109,66,61-80
5110,8,0-20
5111,47,41-60
5112,7,0-20
5113,71,61-80
5114,50,41-60
5115,46,41-60
5116,1,0-20
5117,66,61-80
5118,42,41-60
5119,5,0-20
5120,7,0-20
5121,29,21-40
5122,27,21-40
5123,15,0-20
5124,25,21-40
5125,11,0-20
5126,57,41-60
5127,67,61-80
5128,47,41-60
5129,13,0-20
5130,8,0-20
5131,44,41-60
5132,71,61-80
5133,24,21-40
5134,15,0-20
5135,1,0-20
5136,2,0-20
5137,55,41-60
5138,71,61-80
5139,50,41-60
5140,1,0-20
5141,5,0-20
5142,66,61-80
5143,49,41-60
5144,3,0-20
5145,66,61-80
5146,11,0-20
5147,28,21-40
5148,65,61-80
5149,62,61-80
5150,2,0-20
5151,2,0-20
5152,55,41-60
5153,41,41-60
5154,17,0-20
5155,30,21-40
5156,17,0-20
5157,16,0-20
5158,72,61-80
5159,9,0-20
5160,1,0-20
5161,23,21-40
5162,8,0-20
5163,19,0-20
5164,7,0-20
5165,1,0-20
5166,61,61-80
5167,57,41-60
5168,9,0-20
5169,15,0-20
5170,1,0-20
5171,12,0-20
5172,54,41-60
5173,4,0-20
5174,7,0-20
5175,20,0-20
5176,26,21-40
5177,36,21-40
5178,53,41-60
5179,3,0-20
5180,68,61-80
5181,72,61-80
5182,12,0-20
5183,34,21-40
5184,68,61-80
5185,50,41-60
5186,1,0-20
5187,41,41-60
5188,30,21-40
5189,1,0-20
5190,29,21-40
5191,23,21-40
5192,60,41-60
5193,72,61-80
5194,22,21-40
5195,72,61-80
5196,66,61-80
5197,72,61-80
5198,47,41-60
5199,51,41-60
5200,70,61-80
5201,9,0-20
5202,59,41-60
5203,3,0-20
5204,38,21-40
5205,37,21-40
5206,37,21-40
5207,24,21-40
5208,14,0-20
5209,72,61-80
5210,53,41-60
5211,8,0-20
5212,72,61-80
5213,17,0-20
5214,2,0-20
5215,8,0-20
5216,48,41-60
5217,10,0-20
5218,0,0-20
5219,1,0-20
5220,29,21-40
5221,65,61-80
5222,8,0-20
5223,61,61-80
5224,45,41-60
5225,72,61-80
5226,12,0-20
5227,7,0-20
5228,9,0-20
5229,43,41-60
5230,58,41-60
5231,16,0-20
5232,2,0-20
5233,8,0-20
5234,40,21-40
5235,9,0-20
5236,41,41-60
5237,26,21-40
5238,33,21-40
5239,68,61-80
5240,65,61-80
5241,55,41-60
5242,20,0-20
5243,19,0-20
5244,45,41-60
5245,70,61-80
5246,2,0-20
5247,27,21-40
5248,12,0-20
5249,72,61-80
5250,12,0-20
5251,5,0-20
5252,71,61-80
5253,35,21-40
5254,70,61-80
5255,31,21-40
5256,52,41-60
5257,37,21-40
5258,69,61-80
5259,30,21-40
5260,33,21-40
5261,54,41-60
5262,59,41-60
5263,55,41-60
5264,69,61-80
5265,66,61-80
5266,37,21-40
5267,9,0-20
5268,69,61-80
5269,10,0-20
5270,40,21-40
5271,13,0-20
5272,6,0-20
5273,69,61-80
5274,66,61-80
5275,11,0-20
5276,46,41-60
5277,6,0-20
5278,56,41-60
5279,70,61-80
5280,33,21-40
5281,72,61-80
5282,3,0-20
5283,19,0-20
5284,5,0-20
5285,71,61-80
5286,8,0-20
5287,1,0-20
5288,1,0-20
5289,61,61-80
5290,71,61-80
5291,68,61-80
5292,46,41-60
5293,33,21-40
5294,53,41-60
5295,50,41-60
5296,57,41-60
5297,54,41-60
5298,60,41-60
5299,28,21-40
5300,1,0-20
5301,29,21-40
5302,10,0-20
5303,43,41-60
5304,13,0-20
5305,43,41-60
5306,19,0-20
5307,1,0-20
5308,69,61-80
5309,61,61-80
5310,43,41-60
5311,6,0-20
5312,1,0-20
5313,56,41-60
5314,70,61-80
5315,1,0-20
5316,49,41-60
5317,6,0-20
5318,32,21-40
5319,72,61-80
5320,37,21-40
5321,69,61-80
5322,26,21-40
5323,58,41-60
5324,24,21-40
5325,5,0-20
5326,15,0-20
5327,30,21-40
5328,55,41-60
5329,25,21-40
5330,10,0-20
5331,44,41-60
5332,47,41-60
5333,13,0-20
5334,49,41-60
5335,64,61-80
5336,1,0-20
5337,20,0-20
5338,37,21-40
5339,30,21-40
5340,38,21-40
5341,1,0-20
5342,37,21-40
5343,52,41-60
5344,71,61-80
5345,26,21-40
5346,66,61-80
5347,72,61-80
5348,25,21-40
5349,69,61-80
5350,53,41-60
5351,12,0-20
5352,26,21-40
5353,21,21-40
5354,1,0-20
5355,48,41-60
5356,26,21-40
5357,60,41-60
5358,18,0-20
5359,10,0-20
5360,5,0-20
5361,4,0-20
5362,65,61-80
5363,70,61-80
5364,18,0-20
5365,62,61-80
5366,66,61-80
5367,65,61-80
5368,3,0-20
5369,34,21-40
5370,16,0-20
5371,54,41-60
5372,50,41-60
5373,71,61-80
5374,10,0-20
5375,1,0-20
5376,18,0-20
5377,4,0-20
5378,58,41-60
5379,56,41-60
5380,2,0-20
5381,32,21-40
5382,56,41-60
5383,36,21-40
5384,4,0-20
5385,53,41-60
5386,10,0-20
5387,4,0-20
5388,1,0-20
5389,51,41-60
5390,12,0-20
5391,6,0-20
5392,63,61-80
5393,1,0-20
5394,48,41-60
5395,5,0-20
5396,35,21-40
5397,6,0-20
5398,2,0-20
5399,50,41-60
5400,33,21-40
5401,31,21-40
5402,9,0-20
5403,54,41-60
5404,46,41-60
5405,34,21-40
5406,71,61-80
5407,63,61-80
5408,51,41-60
5409,26,21-40
5410,64,61-80
5411,1,0-20
5412,61,61-80
5413,15,0-20
5414,64,61-80
5415,18,0-20
5416,57,41-60
5417,14,0-20
5418,18,0-20
5419,72,61-80
5420,70,61-80
5421,38,21-40
5422,68,61-80
5423,13,0-20
5424,65,61-80
5425,30,21-40
5426,51,41-60
5427,31,21-40
5428,9,0-20
5429,72,61-80
5430,10,0-20
5431,37,21-40
5432,2,0-20
5433,55,41-60
5434,33,21-40
5435,46,41-60
5436,1,0-20
5437,20,0-20
5438,9,0-20
5439,32,21-40
5440,19,0-20
5441,70,61-80
5442,61,61-80
5443,26,21-40
5444,45,41-60
5445,62,61-80
5446,1,0-20
5447,3,0-20
5448,41,41-60
5449,67,61-80
5450,1,0-20
5451,71,61-80
5452,37,21-40
5453,60,41-60
5454,1,0-20
5455,6,0-20
5456,13,0-20
5457,11,0-20
5458,7,0-20
5459,10,0-20
5460,34,21-40
5461,62,61-80
5462,64,61-80
5463,1,0-20
5464,25,21-40
5465,26,21-40
5466,10,0-20
5467,53,41-60
5468,7,0-20
5469,33,21-40
5470,71,61-80
5471,29,21-40
5472,24,21-40
5473,20,0-20
5474,1,0-20
5475,54,41-60
5476,5,0-20
5477,72,61-80
5478,52,41-60
5479,9,0-20
5480,1,0-20
5481,1,0-20
5482,33,21-40
5483,55,41-60
5484,69,61-80
5485,1,0-20
5486,54,41-60
5487,33,21-40
5488,45,41-60
5489,11,0-20
5490,6,0-20
5491,21,21-40
5492,65,61-80
5493,6,0-20
5494,8,0-20
5495,11,0-20
5496,43,41-60
5497,49,41-60
5498,1,0-20
5499,15,0-20
5500,60,41-60
5501,17,0-20
5502,16,0-20
5503,35,21-40
5504,44,41-60
5505,12,0-20
5506,1,0-20
5507,28,21-40
5508,70,61-80
5509,5,0-20
5510,18,0-20
5511,70,61-80
5512,9,0-20
5513,67,61-80
5514,1,0-20
5515,18,0-20
5516,4,0-20
5517,71,61-80
5518,30,21-40
5519,1,0-20
5520,55,41-60
5521,59,41-60
5522,1,0-20
5523,7,0-20
5524,45,41-60
5525,54,41-60
5526,51,41-60
5527,72,61-80
5528,44,41-60
5529,2,0-20
5530,66,61-80
5531,68,61-80
5532,31,21-40
5533,21,21-40
5534,21,21-40
5535,55,41-60
5536,9,0-20
5537,71,61-80
5538,1,0-20
5539,22,21-40
5540,1,0-20
5541,61,61-80
5542,67,61-80
5543,14,0-20
5544,59,41-60
5545,21,21-40
5546,4,0-20
5547,3,0-20
5548,70,61-80
5549,3,0-20
5550,21,21-40
5551,20,0-20
5552,22,21-40
5553,1,0-20
5554,63,61-80
5555,70,61-80
5556,13,0-20
5557,5,0-20
5558,72,61-80
5559,13,0-20
5560,61,61-80
5561,1,0-20
5562,56,41-60
5563,4,0-20
5564,35,21-40
5565,18,0-20
5566,72,61-80
5567,49,41-60
5568,44,41-60
5569,3,0-20
5570,37,21-40
5571,61,61-80
5572,70,61-80
5573,1,0-20
5574,41,41-60
5575,70,61-80
5576,1,0-20
5577,51,41-60
5578,42,41-60
5579,70,61-80
5580,48,41-60
5581,68,61-80
5582,48,41-60
5583,26,21-40
5584,11,0-20
5585,1,0-20
5586,27,21-40
5587,46,41-60
5588,1,0-20
5589,46,41-60
5590,25,21-40
5591,4,0-20
5592,13,0-20
5593,31,21-40
5594,23,21-40
5595,2,0-20
5596,65,61-80
5597,22,21-40
5598,55,41-60
5599,9,0-20
5600,7,0-20
5601,35,21-40
5602,6,0-20
5603,1,0-20
5604,17,0-20
5605,10,0-20
5606,15,0-20
5607,40,21-40
5608,13,0-20
5609,29,21-40
5610,3,0-20
5611,58,41-60
5612,45,41-60
5613,72,61-80
5614,68,61-80
5615,1,0-20
5616,38,21-40
5617,2,0-20
5618,11,0-20
5619,20,0-20
5620,72,61-80
5621,3,0-20
5622,23,21-40
5623,40,21-40
5624,62,61-80
5625,22,21-40
5626,11,0-20
5627,7,0-20
5628,13,0-20
5629,1,0-20
5630,39,21-40
5631,3,0-20
5632,58,41-60
5633,6,0-20
5634,1,0-20
5635,22,21-40
5636,14,0-20
5637,64,61-80
5638,1,0-20
5639,6,0-20
5640,1,0-20
5641,39,21-40
5642,20,0-20
5643,1,0-20
5644,1,0-20
5645,64,61-80
5646,1,0-20
5647,46,41-60
5648,28,21-40
5649,33,21-40
5650,39,21-40
5651,42,41-60
5652,1,0-20
5653,7,0-20
5654,70,61-80
5655,65,61-80
5656,1,0-20
5657,18,0-20
5658,24,21-40
5659,63,61-80
5660,44,41-60
5661,4,0-20
5662,1,0-20
5663,37,21-40
5664,10,0-20
5665,34,21-40
5666,35,21-40
5667,4,0-20
5668,39,21-40
5669,43,41-60
5670,17,0-20
5671,61,61-80
5672,49,41-60
5673,4,0-20
5674,64,61-80
5675,3,0-20
5676,1,0-20
5677,40,21-40
5678,1,0-20
5679,8,0-20
5680,1,0-20
5681,34,21-40
5682,1,0-20
5683,39,21-40
5684,58,41-60
5685,45,41-60
5686,6,0-20
5687,43,41-60
5688,41,41-60
5689,5,0-20
5690,72,61-80
5691,4,0-20
5692,9,0-20
5693,72,61-80
5694,33,21-40
5695,72,61-80
5696,22,21-40
5697,70,61-80
5698,21,21-40
5699,15,0-20
5700,29,21-40
5701,15,0-20
5702,71,61-80
5703,72,61-80
5704,19,0-20
5705,1,0-20
5706,1,0-20
5707,2,0-20
5708,11,0-20
5709,12,0-20
5710,70,61-80
5711,20,0-20
5712,23,21-40
5713,49,41-60
5714,4,0-20
5715,32,21-40
5716,2,0-20
5717,69,61-80
5718,6,0-20
5719,24,21-40
5720,32,21-40
5721,27,21-40
5722,27,21-40
5723,58,41-60
5724,1,0-20
5725,18,0-20
5726,47,41-60
5727,70,61-80
5728,13,0-20
5729,36,21-40
5730,67,61-80
5731,10,0-20
5732,19,0-20
5733,71,61-80
5734,72,61-80
5735,48,41-60
5736,1,0-20
5737,18,0-20
5738,1,0-20
5739,67,61-80
5740,69,61-80
5741,19,0-20
5742,72,61-80
5743,38,21-40
5744,40,21-40
5745,61,61-80
5746,10,0-20
5747,32,21-40
5748,21,21-40
5749,59,41-60
5750,13,0-20
5751,47,41-60
5752,69,61-80
5753,2,0-20
5754,22,21-40
5755,15,0-20
5756,53,41-60
5757,28,21-40
5758,22,21-40
5759,1,0-20
5760,16,0-20
5761,48,41-60
5762,30,21-40
5763,3,0-20
5764,57,41-60
5765,68,61-80
5766,23,21-40
5767,65,61-80
5768,44,41-60
5769,71,61-80
5770,37,21-40
5771,12,0-20
5772,69,61-80
5773,35,21-40
5774,5,0-20
5775,58,41-60
5776,72,61-80
5777,72,61-80
5778,1,0-20
5779,39,21-40
5780,53,41-60
5781,27,21-40
5782,1,0-20
5783,1,0-20
5784,18,0-20
5785,46,41-60
5786,72,61-80
5787,36,21-40
5788,4,0-20
5789,25,21-40
5790,40,21-40
5791,63,61-80
5792,15,0-20
5793,14,0-20
5794,72,61-80
5795,39,21-40
5796,47,41-60
5797,19,0-20
5798,5,0-20
5799,13,0-20
5800,17,0-20
5801,34,21-40
5802,42,41-60
5803,5,0-20
5804,71,61-80
5805,19,0-20
5806,2,0-20
5807,57,41-60
5808,72,61-80
5809,6,0-20
5810,17,0-20
5811,61,61-80
5812,1,0-20
5813,48,41-60
5814,16,0-20
5815,9,0-20
5816,3,0-20
5817,1,0-20
5818,65,61-80
5819,70,61-80
5820,60,41-60
5821,69,61-80
5822,35,21-40
5823,22,21-40
5824,66,61-80
5825,1,0-20
5826,1,0-20
5827,34,21-40
5828,72,61-80
5829,31,21-40
5830,30,21-40
5831,9,0-20
5832,20,0-20
5833,19,0-20
5834,65,61-80
5835,30,21-40
5836,6,0-20
5837,2,0-20
5838,53,41-60
5839,7,0-20
5840,61,61-80
5841,70,61-80
5842,13,0-20
5843,35,21-40
5844,2,0-20
5845,3,0-20
5846,3,0-20
5847,62,61-80
5848,72,61-80
5849,63,61-80
5850,20,0-20
5851,35,21-40
5852,21,21-40
5853,62,61-80
5854,15,0-20
5855,55,41-60
5856,11,0-20
5857,17,0-20
5858,61,61-80
5859,71,61-80
5860,2,0-20
5861,35,21-40
5862,17,0-20
5863,21,21-40
5864,47,41-60
5865,3,0-20
5866,3,0-20
5867,44,41-60
5868,1,0-20
5869,44,41-60
5870,5,0-20
5871,24,21-40
5872,1,0-20
5873,18,0-20
5874,10,0-20
5875,65,61-80
5876,1,0-20
5877,53,41-60
5878,3,0-20
5879,33,21-40
5880,3,0-20
5881,34,21-40
5882,14,0-20
5883,13,0-20
5884,46,41-60
5885,23,21-40
5886,47,41-60
5887,17,0-20
5888,49,41-60
5889,59,41-60
5890,69,61-80
5891,11,0-20
5892,10,0-20
5893,12,0-20
5894,45,41-60
5895,39,21-40
5896,71,61-80
5897,71,61-80
5898,33,21-40
5899,67,61-80
5900,37,21-40
5901,49,41-60
5902,9,0-20
5903,52,41-60
5904,70,61-80
5905,1,0-20
5906,14,0-20
5907,1,0-20
5908,1,0-20
5909,52,41-60
5910,6,0-20
5911,7,0-20
5912,47,41-60
5913,26,21-40
5914,25,21-40
5915,69,61-80
5916,72,61-80
5917,4,0-20
5918,59,41-60
5919,67,61-80
5920,26,21-40
5921,27,21-40
5922,72,61-80
5923,6,0-20
5924,62,61-80
5925,20,0-20
5926,6,0-20
5927,51,41-60
5928,61,61-80
5929,62,61-80
5930,72,61-80
5931,13,0-20
5932,5,0-20
5933,3,0-20
5934,26,21-40
5935,13,0-20
5936,38,21-40
5937,8,0-20
5938,34,21-40
5939,18,0-20
5940,56,41-60
5941,36,21-40
5942,9,0-20
5943,1,0-20
5944,12,0-20
5945,57,41-60
5946,42,41-60
5947,33,21-40
5948,70,61-80
5949,68,61-80
5950,1,0-20
5951,37,21-40
5952,4,0-20
5953,1,0-20
5954,20,0-20
5955,72,61-80
5956,31,21-40
5957,18,0-20
5958,11,0-20
5959,33,21-40
5960,62,61-80
5961,1,0-20
5962,16,0-20
5963,22,21-40
5964,49,41-60
5965,36,21-40
5966,42,41-60
5967,4,0-20
5968,12,0-20
5969,31,21-40
5970,5,0-20
5971,66,61-80
5972,15,0-20
5973,64,61-80
5974,10,0-20
5975,7,0-20
5976,29,21-40
5977,57,41-60
5978,46,41-60
5979,53,41-60
5980,17,0-20
5981,38,21-40
5982,15,0-20
5983,22,21-40
5984,14,0-20
5985,57,41-60
5986,11,0-20
5987,1,0-20
5988,12,0-20
5989,3,0-20
5990,36,21-40
5991,16,0-20
5992,65,61-80
5993,2,0-20
5994,42,41-60
5995,72,61-80
5996,62,61-80
5997,6,0-20
5998,48,41-60
5999,35,21-40
6000,52,41-60
6001,1,0-20
6002,6,0-20
6003,71,61-80
6004,67,61-80
6005,60,41-60
6006,23,21-40
6007,39,21-40
6008,15,0-20
6009,53,41-60
6010,24,21-40
6011,37,21-40
6012,5,0-20
6013,50,41-60
6014,54,41-60
6015,3,0-20
6016,68,61-80
6017,5,0-20
6018,33,21-40
6019,41,41-60
6020,34,21-40
6021,13,0-20
6022,20,0-20
6023,51,41-60
6024,3,0-20
6025,41,41-60
6026,13,0-20
6027,35,21-40
6028,12,0-20
6029,4,0-20
6030,43,41-60
6031,12,0-20
6032,68,61-80
6033,25,21-40
6034,7,0-20
6035,66,61-80
6036,53,41-60
6037,63,61-80
6038,70,61-80
6039,27,21-40
6040,1,0-20
6041,5,0-20
6042,37,21-40
6043,3,0-20
6044,12,0-20
6045,38,21-40
6046,9,0-20
6047,13,0-20
6048,29,21-40
6049,47,41-60
6050,61,61-80
6051,16,0-20
6052,41,41-60
6053,43,41-60
6054,36,21-40
6055,6,0-20
6056,58,41-60
6057,19,0-20
6058,11,0-20
6059,39,21-40
6060,8,0-20
6061,26,21-40
6062,53,41-60
6063,70,61-80
6064,1,0-20
6065,59,41-60
6066,2,0-20
6067,7,0-20
6068,12,0-20
6069,59,41-60
6070,61,61-80
6071,72,61-80
6072,13,0-20
6073,64,61-80
6074,1,0-20
6075,10,0-20
6076,65,61-80
6077,62,61-80
6078,55,41-60
6079,25,21-40
6080,1,0-20
6081,1,0-20
6082,59,41-60
6083,64,61-80
6084,36,21-40
6085,3,0-20
6086,61,61-80
6087,26,21-40
6088,1,0-20
6089,1,0-20
6090,68,61-80
6091,2,0-20
6092,72,61-80
6093,71,61-80
6094,57,41-60
6095,4,0-20
6096,1,0-20
6097,72,61-80
6098,21,21-40
6099,71,61-80
6100,29,21-40
6101,69,61-80
6102,64,61-80
6103,16,0-20
6104,4,0-20
6105,52,41-60
6106,2,0-20
6107,1,0-20
6108,18,0-20
6109,2,0-20
6110,19,0-20
6111,40,21-40
6112,66,61-80
6113,21,21-40
6114,8,0-20
6115,72,61-80
6116,48,41-60
6117,69,61-80
6118,72,61-80
6119,14,0-20
6120,6,0-20
6121,8,0-20
6122,17,0-20
6123,65,61-80
6124,57,41-60
6125,13,0-20
6126,19,0-20
6127,56,41-60
6128,14,0-20
6129,52,41-60
6130,58,41-60
6131,47,41-60
6132,67,61-80
6133,2,0-20
6134,6,0-20
6135,71,61-80
6136,46,41-60
6137,5,0-20
6138,67,61-80
6139,3,0-20
6140,3,0-20
6141,52,41-60
6142,42,41-60
6143,50,41-60
6144,23,21-40
6145,67,61-80
6146,25,21-40
6147,39,21-40
6148,69,61-80
6149,1,0-20
6150,32,21-40
6151,9,0-20
6152,16,0-20
6153,60,41-60
6154,72,61-80
6155,5,0-20
6156,26,21-40
6157,3,0-20
6158,2,0-20
6159,2,0-20
6160,36,21-40
6161,7,0-20
6162,60,41-60
6163,19,0-20
6164,45,41-60
6165,4,0-20
6166,31,21-40
6167,47,41-60
6168,1,0-20
6169,1,0-20
6170,1,0-20
6171,59,41-60
6172,10,0-20
6173,35,21-40
6174,4,0-20
6175,32,21-40
6176,43,41-60
6177,4,0-20
6178,54,41-60
6179,11,0-20
6180,66,61-80
6181,61,61-80
6182,72,61-80
6183,44,41-60
6184,41,41-60
6185,50,41-60
6186,47,41-60
6187,8,0-20
6188,18,0-20
6189,72,61-80
6190,1,0-20
6191,42,41-60
6192,18,0-20
6193,13,0-20
6194,68,61-80
6195,4,0-20
6196,69,61-80
6197,17,0-20
6198,25,21-40
6199,43,41-60
6200,59,41-60
6201,5,0-20
6202,21,21-40
6203,69,61-80
6204,13,0-20
6205,42,41-60
6206,52,41-60
6207,46,41-60
6208,61,61-80
6209,29,21-40
6210,25,21-40
6211,5,0-20
6212,15,0-20
6213,19,0-20
6214,44,41-60
6215,6,0-20
6216,58,41-60
6217,62,61-80
6218,70,61-80
6219,1,0-20
6220,10,0-20
6221,26,21-40
6222,66,61-80
6223,7,0-20
6224,51,41-60
6225,72,61-80
6226,65,61-80
6227,2,0-20
6228,70,61-80
6229,72,61-80
6230,1,0-20
6231,1,0-20
6232,5,0-20
6233,3,0-20
6234,58,41-60
6235,22,21-40
6236,33,21-40
6237,1,0-20
6238,54,41-60
6239,72,61-80
6240,1,0-20
6241,3,0-20
6242,72,61-80
6243,72,61-80
6244,54,41-60
6245,59,41-60
6246,54,41-60
6247,60,41-60
6248,60,41-60
6249,3,0-20
6250,69,61-80
6251,1,0-20
6252,50,41-60
6253,56,41-60
6254,60,41-60
6255,69,61-80
6256,1,0-20
6257,1,0-20
6258,3,0-20
6259,60,41-60
6260,13,0-20
6261,62,61-80
6262,45,41-60
6263,25,21-40
6264,44,41-60
6265,2,0-20
6266,33,21-40
6267,1,0-20
6268,22,21-40
6269,35,21-40
6270,29,21-40
6271,27,21-40
6272,54,41-60
6273,2,0-20
6274,57,41-60
6275,62,61-80
6276,15,0-20
6277,2,0-20
6278,70,61-80
6279,21,21-40
6280,23,21-40
6281,6,0-20
6282,4,0-20
6283,3,0-20
6284,23,21-40
6285,26,21-40
6286,8,0-20
6287,26,21-40
6288,2,0-20
6289,67,61-80
6290,71,61-80
6291,59,41-60
6292,39,21-40
6293,21,21-40
6294,1,0-20
6295,48,41-60
6296,31,21-40
6297,64,61-80
6298,46,41-60
6299,52,41-60
6300,67,61-80
6301,67,61-80
6302,5,0-20
6303,71,61-80
6304,9,0-20
6305,26,21-40
6306,71,61-80
6307,32,21-40
6308,2,0-20
6309,71,61-80
6310,60,41-60
6311,55,41-60
6312,54,41-60
6313,2,0-20
6314,6,0-20
6315,48,41-60
6316,63,61-80
6317,1,0-20
6318,12,0-20
6319,54,41-60
6320,30,21-40
6321,30,21-40
6322,4,0-20
6323,40,21-40
6324,9,0-20
6325,17,0-20
6326,62,61-80
6327,28,21-40
6328,70,61-80
6329,46,41-60
6330,23,21-40
6331,47,41-60
6332,68,61-80
6333,60,41-60
6334,67,61-80
6335,14,0-20
6336,57,41-60
6337,55,41-60
6338,1,0-20
6339,1,0-20
6340,23,21-40
6341,13,0-20
6342,47,41-60
6343,38,21-40
6344,38,21-40
6345,2,0-20
6346,1,0-20
6347,15,0-20
6348,26,21-40
6349,35,21-40
6350,3,0-20
6351,50,41-60
6352,42,41-60
6353,10,0-20
6354,61,61-80
6355,68,61-80
6356,10,0-20
6357,65,61-80
6358,72,61-80
6359,55,41-60
6360,1,0-20
6361,7,0-20
6362,2,0-20
6363,9,0-20
6364,27,21-40
6365,7,0-20
6366,64,61-80
6367,70,61-80
6368,2,0-20
6369,67,61-80
6370,45,41-60
6371,24,21-40
6372,4,0-20
6373,44,41-60
6374,72,61-80
6375,1,0-20
6376,66,61-80
6377,1,0-20
6378,13,0-20
6379,10,0-20
6380,65,61-80
6381,1,0-20
6382,38,21-40
6383,23,21-40
6384,10,0-20
6385,4,0-20
6386,72,61-80
6387,35,21-40
6388,1,0-20
6389,58,41-60
6390,70,61-80
6391,38,21-40
6392,60,41-60
6393,26,21-40
6394,8,0-20
6395,41,41-60
6396,36,21-40
6397,54,41-60
6398,71,61-80
6399,55,41-60
6400,72,61-80
6401,3,0-20
6402,54,41-60
6403,72,61-80
6404,52,41-60
6405,60,41-60
6406,39,21-40
6407,15,0-20
6408,69,61-80
6409,43,41-60
6410,63,61-80
6411,2,0-20
6412,72,61-80
6413,32,21-40
6414,40,21-40
6415,58,41-60
6416,67,61-80
6417,51,41-60
6418,31,21-40
6419,69,61-80
6420,32,21-40
6421,21,21-40
6422,52,41-60
6423,72,61-80
6424,72,61-80
6425,52,41-60
6426,41,41-60
6427,41,41-60
6428,6,0-20
6429,67,61-80
6430,16,0-20
6431,17,0-20
6432,35,21-40
6433,58,41-60
6434,1,0-20
6435,52,41-60
6436,70,61-80
6437,19,0-20
6438,1,0-20
6439,35,21-40
6440,32,21-40
6441,17,0-20
6442,67,61-80
6443,9,0-20
6444,31,21-40
6445,4,0-20
6446,58,41-60
6447,60,41-60
6448,58,41-60
6449,1,0-20
6450,27,21-40
6451,66,61-80
6452,15,0-20
6453,47,41-60
6454,41,41-60
6455,59,41-60
6456,50,41-60
6457,17,0-20
6458,6,0-20
6459,51,41-60
6460,44,41-60
6461,49,41-60
6462,2,0-20
6463,59,41-60
6464,50,41-60
6465,59,41-60
6466,18,0-20
6467,10,0-20
6468,14,0-20
6469,35,21-40
6470,8,0-20
6471,18,0-20
6472,60,41-60
6473,1,0-20
6474,6,0-20
6475,19,0-20
6476,53,41-60
6477,72,61-80
6478,60,41-60
6479,1,0-20
6480,13,0-20
6481,5,0-20
6482,1,0-20
6483,13,0-20
6484,37,21-40
6485,64,61-80
6486,5,0-20
6487,61,61-80
6488,1,0-20
6489,1,0-20
6490,26,21-40
6491,1,0-20
6492,24,21-40
6493,17,0-20
6494,26,21-40
6495,1,0-20
6496,40,21-40
6497,52,41-60
6498,1,0-20
6499,1,0-20
6500,21,21-40
6501,67,61-80
6502,44,41-60
6503,70,61-80
6504,3,0-20
6505,56,41-60
6506,13,0-20
6507,58,41-60
6508,42,41-60
6509,1,0-20
6510,46,41-60
6511,63,61-80
6512,11,0-20
6513,15,0-20
6514,72,61-80
6515,29,21-40
6516,1,0-20
6517,6,0-20
6518,1,0-20
6519,63,61-80
6520,2,0-20
6521,18,0-20
6522,43,41-60
6523,15,0-20
6524,10,0-20
6525,55,41-60
6526,49,41-60
6527,6,0-20
6528,70,61-80
6529,2,0-20
6530,63,61-80
6531,25,21-40
6532,18,0-20
6533,28,21-40
6534,53,41-60
6535,35,21-40
6536,1,0-20
6537,70,61-80
6538,2,0-20
6539,26,21-40
6540,34,21-40
6541,19,0-20
6542,15,0-20
6543,62,61-80
6544,42,41-60
6545,9,0-20
6546,24,21-40
6547,68,61-80
6548,31,21-40
6549,1,0-20
6550,21,21-40
6551,63,61-80
6552,2,0-20
6553,61,61-80
6554,1,0-20
6555,18,0-20
6556,6,0-20
6557,33,21-40
6558,16,0-20
6559,56,41-60
6560,23,21-40
6561,9,0-20
6562,14,0-20
6563,15,0-20
6564,5,0-20
6565,61,61-80
6566,70,61-80
6567,15,0-20
6568,8,0-20
6569,8,0-20
6570,4,0-20
6571,34,21-40
6572,68,61-80
6573,45,41-60
6574,9,0-20
6575,22,21-40
6576,2,0-20
6577,70,61-80
6578,10,0-20
6579,72,61-80
6580,49,41-60
6581,54,41-60
6582,71,61-80
6583,22,21-40
6584,50,41-60
6585,43,41-60
6586,45,41-60
6587,64,61-80
6588,23,21-40
6589,68,61-80
6590,1,0-20
6591,2,0-20
6592,26,21-40
6593,55,41-60
6594,14,0-20
6595,71,61-80
6596,64,61-80
6597,7,0-20
6598,57,41-60
6599,13,0-20
6600,3,0-20
6601,72,61-80
6602,40,21-40
6603,14,0-20
6604,2,0-20
6605,66,61-80
6606,38,21-40
6607,1,0-20
6608,22,21-40
6609,1,0-20
6610,5,0-20
6611,29,21-40
6612,1,0-20
6613,3,0-20
6614,71,61-80
6615,9,0-20
6616,43,41-60
6617,48,41-60
6618,26,21-40
6619,9,0-20
6620,1,0-20
6621,46,41-60
6622,2,0-20
6623,1,0-20
6624,64,61-80
6625,12,0-20
6626,6,0-20
6627,59,41-60
6628,7,0-20
6629,72,61-80
6630,16,0-20
6631,25,21-40
6632,34,21-40
6633,1,0-20
6634,10,0-20
6635,24,21-40
6636,10,0-20
6637,69,61-80
6638,57,41-60
6639,50,41-60
6640,28,21-40
6641,16,0-20
6642,25,21-40
6643,3,0-20
6644,61,61-80
6645,2,0-20
6646,51,41-60
6647,71,61-80
6648,20,0-20
6649,6,0-20
6650,6,0-20
6651,29,21-40
6652,36,21-40
6653,28,21-40
6654,7,0-20
6655,63,61-80
6656,48,41-60
6657,49,41-60
6658,27,21-40
6659,72,61-80
6660,1,0-20
6661,72,61-80
6662,47,41-60
6663,1,0-20
6664,36,21-40
6665,43,41-60
6666,27,21-40
6667,9,0-20
6668,38,21-40
6669,35,21-40
6670,0,0-20
6671,59,41-60
6672,27,21-40
6673,2,0-20
6674,7,0-20
6675,36,21-40
6676,41,41-60
6677,13,0-20
6678,19,0-20
6679,60,41-60
6680,48,41-60
6681,3,0-20
6682,69,61-80
6683,43,41-60
6684,11,0-20
6685,45,41-60
6686,72,61-80
6687,2,0-20
6688,12,0-20
6689,67,61-80
6690,37,21-40
6691,39,21-40
6692,41,41-60
6693,25,21-40
6694,8,0-20
6695,71,61-80
6696,5,0-20
6697,30,21-40
6698,40,21-40
6699,54,41-60
6700,72,61-80
6701,28,21-40
6702,18,0-20
6703,2,0-20
6704,59,41-60
6705,22,21-40
6706,1,0-20
6707,72,61-80
6708,14,0-20
6709,50,41-60
6710,48,41-60
6711,49,41-60
6712,28,21-40
6713,68,61-80
6714,13,0-20
6715,11,0-20
6716,3,0-20
6717,57,41-60
6718,3,0-20
6719,72,61-80
6720,70,61-80
6721,49,41-60
6722,67,61-80
6723,46,41-60
6724,64,61-80
6725,37,21-40
6726,2,0-20
6727,13,0-20
6728,72,61-80
6729,68,61-80
6730,15,0-20
6731,24,21-40
6732,24,21-40
6733,27,21-40
6734,12,0-20
6735,71,61-80
6736,67,61-80
6737,63,61-80
6738,1,0-20
6739,4,0-20
6740,40,21-40
6741,12,0-20
6742,52,41-60
6743,10,0-20
6744,68,61-80
6745,54,41-60
6746,4,0-20
6747,52,41-60
6748,1,0-20
6749,70,61-80
6750,43,41-60
6751,52,41-60
6752,12,0-20
6753,56,41-60
6754,0,0-20
6755,42,41-60
6756,22,21-40
6757,51,41-60
6758,27,21-40
6759,51,41-60
6760,4,0-20
6761,1,0-20
6762,35,21-40
6763,71,61-80
6764,1,0-20
6765,69,61-80
6766,14,0-20
6767,57,41-60
6768,72,61-80
6769,48,41-60
6770,4,0-20
6771,31,21-40
6772,38,21-40
6773,37,21-40
6774,1,0-20
6775,57,41-60
6776,62,61-80
6777,3,0-20
6778,72,61-80
6779,29,21-40
6780,13,0-20
6781,3,0-20
6782,11,0-20
6783,21,21-40
6784,19,0-20
6785,61,61-80
6786,11,0-20
6787,35,21-40
6788,25,21-40
6789,1,0-20
6790,67,61-80
6791,19,0-20
6792,56,41-60
6793,72,61-80
6794,43,41-60
6795,55,41-60
6796,2,0-20
6797,27,21-40
6798,13,0-20
6799,70,61-80
6800,14,0-20
6801,19,0-20
6802,20,0-20
6803,43,41-60
6804,5,0-20
6805,70,61-80
6806,40,21-40
6807,6,0-20
6808,39,21-40
6809,4,0-20
6810,15,0-20
6811,1,0-20
6812,45,41-60
6813,64,61-80
6814,57,41-60
6815,72,61-80
6816,1,0-20
6817,72,61-80
6818,3,0-20
6819,55,41-60
6820,59,41-60
6821,18,0-20
6822,32,21-40
6823,4,0-20
6824,66,61-80
6825,27,21-40
6826,4,0-20
6827,60,41-60
6828,8,0-20
6829,8,0-20
6830,35,21-40
6831,7,0-20
6832,53,41-60
6833,18,0-20
6834,15,0-20
6835,67,61-80
6836,6,0-20
6837,6,0-20
6838,13,0-20
6839,11,0-20
6840,1,0-20
6841,5,0-20
6842,13,0-20
6843,9,0-20
6844,29,21-40
6845,1,0-20
6846,1,0-20
6847,18,0-20
6848,2,0-20
6849,30,21-40
6850,66,61-80
6851,38,21-40
6852,44,41-60
6853,54,41-60
6854,2,0-20
6855,42,41-60
6856,58,41-60
6857,58,41-60
6858,25,21-40
6859,71,61-80
6860,37,21-40
6861,14,0-20
6862,4,0-20
6863,48,41-60
6864,3,0-20
6865,8,0-20
6866,1,0-20
6867,67,61-80
6868,13,0-20
6869,45,41-60
6870,49,41-60
6871,52,41-60
6872,63,61-80
6873,68,61-80
6874,31,21-40
6875,64,61-80
6876,62,61-80
6877,1,0-20
6878,6,0-20
6879,21,21-40
6880,72,61-80
6881,32,21-40
6882,71,61-80
6883,34,21-40
6884,3,0-20
6885,12,0-20
6886,8,0-20
6887,35,21-40
6888,3,0-20
6889,3,0-20
6890,53,41-60
6891,4,0-20
6892,48,41-60
6893,6,0-20
6894,3,0-20
6895,54,41-60
6896,1,0-20
6897,62,61-80
6898,22,21-40
6899,1,0-20
6900,51,41-60
6901,30,21-40
6902,56,41-60
6903,35,21-40
6904,64,61-80
6905,30,21-40
6906,25,21-40
6907,41,41-60
6908,9,0-20
6909,1,0-20
6910,70,61-80
6911,57,41-60
6912,9,0-20
6913,69,61-80
6914,43,41-60
6915,72,61-80
6916,44,41-60
6917,72,61-80
6918,33,21-40
6919,54,41-60
6920,27,21-40
6921,54,41-60
6922,3,0-20
6923,53,41-60
6924,1,0-20
6925,15,0-20
6926,56,41-60
6927,5,0-20
6928,48,41-60
6929,25,21-40
6930,3,0-20
6931,58,41-60
6932,10,0-20
6933,1,0-20
6934,71,61-80
6935,65,61-80
6936,5,0-20
6937,28,21-40
6938,67,61-80
6939,35,21-40
6940,72,61-80
6941,61,61-80
6942,68,61-80
6943,1,0-20
6944,3,0-20
6945,70,61-80
6946,48,41-60
6947,68,61-80
6948,47,41-60
6949,32,21-40
6950,5,0-20
6951,49,41-60
6952,48,41-60
6953,13,0-20
6954,15,0-20
6955,12,0-20
6956,67,61-80
6957,9,0-20
6958,13,0-20
6959,38,21-40
6960,42,41-60
6961,24,21-40
6962,27,21-40
6963,9,0-20
6964,49,41-60
6965,61,61-80
6966,50,41-60
6967,25,21-40
6968,22,21-40
6969,1,0-20
6970,4,0-20
6971,18,0-20
6972,56,41-60
6973,53,41-60
6974,51,41-60
6975,24,21-40
6976,62,61-80
6977,24,21-40
6978,70,61-80
6979,1,0-20
6980,16,0-20
6981,8,0-20
6982,72,61-80
6983,23,21-40
6984,31,21-40
6985,37,21-40
6986,30,21-40
6987,35,21-40
6988,23,21-40
6989,20,0-20
6990,36,21-40
6991,8,0-20
6992,71,61-80
6993,50,41-60
6994,43,41-60
6995,57,41-60
6996,41,41-60
6997,27,21-40
6998,13,0-20
6999,3,0-20
7000,67,61-80
7001,3,0-20
7002,64,61-80
7003,26,21-40
7004,38,21-40
7005,23,21-40
7006,40,21-40
7007,72,61-80
7008,3,0-20
7009,23,21-40
7010,1,0-20
7011,4,0-20
7012,62,61-80
7013,40,21-40
7014,41,41-60
7015,34,21-40
7016,1,0-20
7017,51,41-60
7018,1,0-20
7019,39,21-40
7020,12,0-20
7021,12,0-20
7022,72,61-80
7023,63,61-80
7024,44,41-60
7025,18,0-20
7026,9,0-20
7027,13,0-20
7028,68,61-80
7029,6,0-20
7030,2,0-20
7031,55,41-60
7032,1,0-20
7033,38,21-40
7034,67,61-80
7035,19,0-20
7036,12,0-20
7037,72,61-80
7038,24,21-40
7039,72,61-80
7040,11,0-20
7041,4,0-20
7042,66,61-80
